2026-06-21 13:08:09 [Orchestrator] INFO: Starting Black Essence Orchestrator...
2026-06-21 13:08:14 [bot.telegram_bot] INFO: Telegram bot initialized
2026-06-21 13:08:14 [Orchestrator] INFO: Telegram bot polling thread started
2026-06-21 13:08:14 [apscheduler.scheduler] INFO: Adding job tentatively -- it will be properly scheduled when the scheduler starts
2026-06-21 13:08:14 [apscheduler.scheduler] INFO: Adding job tentatively -- it will be properly scheduled when the scheduler starts
2026-06-21 13:08:14 [apscheduler.scheduler] INFO: Adding job tentatively -- it will be properly scheduled when the scheduler starts
2026-06-21 13:08:14 [apscheduler.scheduler] INFO: Added job "Orchestrator._run_async" to job store "default"
2026-06-21 13:08:14 [apscheduler.scheduler] INFO: Added job "Orchestrator._run_async" to job store "default"
2026-06-21 13:08:14 [apscheduler.scheduler] INFO: Added job "Orchestrator._run_async" to job store "default"
2026-06-21 13:08:14 [apscheduler.scheduler] INFO: Scheduler started
2026-06-21 13:08:14 [Orchestrator] INFO: Scheduler started. Jobs: production at 10:00, 18:00 daily; optimization Sunday 08:00
2026-06-21 13:08:18 [bot.telegram_bot] INFO: Telegram bot polling started
2026-06-21 13:08:19 [httpx] INFO: HTTP Request: POST https://api.telegram.org/bot8711216541:AAF0lXqJmvUUf0Q8RGwqFN_BcE3uTVq76cs/getMe "HTTP/1.1 200 OK"
2026-06-21 13:08:19 [httpx] INFO: HTTP Request: POST https://api.telegram.org/bot8711216541:AAF0lXqJmvUUf0Q8RGwqFN_BcE3uTVq76cs/deleteWebhook "HTTP/1.1 200 OK"
2026-06-21 13:08:19 [apscheduler.scheduler] INFO: Scheduler started
2026-06-21 13:08:19 [telegram.ext.Application] INFO: Application started
2026-06-21 13:08:24 [httpx] INFO: HTTP Request: POST https://api.telegram.org/bot8711216541:AAF0lXqJmvUUf0Q8RGwqFN_BcE3uTVq76cs/getUpdates "HTTP/1.1 409 Conflict"
2026-06-21 13:08:24 [telegram.ext.Application] ERROR: No error handlers are registered, logging exception.
Traceback (most recent call last):
  File "C:\Users\hp\AppData\Local\Programs\Python\Python311\Lib\site-packages\telegram\ext\_utils\networkloop.py", line 161, in network_retry_loop
    await do_action()
  File "C:\Users\hp\AppData\Local\Programs\Python\Python311\Lib\site-packages\telegram\ext\_utils\networkloop.py", line 154, in do_action
    action_cb_task.result()
  File "C:\Users\hp\AppData\Local\Programs\Python\Python311\Lib\site-packages\telegram\ext\_updater.py", line 340, in polling_action_cb
    updates = await self.bot.get_updates(
              ^^^^^^^^^^^^^^^^^^^^^^^^^^^
  File "C:\Users\hp\AppData\Local\Programs\Python\Python311\Lib\site-packages\telegram\ext\_extbot.py", line 672, in get_updates
    updates = await super().get_updates(
              ^^^^^^^^^^^^^^^^^^^^^^^^^^
  File "C:\Users\hp\AppData\Local\Programs\Python\Python311\Lib\site-packages\telegram\_bot.py", line 4865, in get_updates
    await self._post(
  File "C:\Users\hp\AppData\Local\Programs\Python\Python311\Lib\site-packages\telegram\_bot.py", line 704, in _post
    return await self._do_post(
           ^^^^^^^^^^^^^^^^^^^^
  File "C:\Users\hp\AppData\Local\Programs\Python\Python311\Lib\site-packages\telegram\ext\_extbot.py", line 370, in _do_post
    return await super()._do_post(
           ^^^^^^^^^^^^^^^^^^^^^^^
  File "C:\Users\hp\AppData\Local\Programs\Python\Python311\Lib\site-packages\telegram\_bot.py", line 733, in _do_post
    result = await request.post(
             ^^^^^^^^^^^^^^^^^^^
  File "C:\Users\hp\AppData\Local\Programs\Python\Python311\Lib\site-packages\telegram\request\_baserequest.py", line 198, in post
    result = await self._request_wrapper(
             ^^^^^^^^^^^^^^^^^^^^^^^^^^^^
  File "C:\Users\hp\AppData\Local\Programs\Python\Python311\Lib\site-packages\telegram\request\_baserequest.py", line 375, in _request_wrapper
    raise exception
telegram.error.Conflict: Conflict: terminated by other getUpdates request; make sure that only one bot instance is running
2026-06-21 13:08:30 [httpx] INFO: HTTP Request: POST https://api.telegram.org/bot8711216541:AAF0lXqJmvUUf0Q8RGwqFN_BcE3uTVq76cs/getUpdates "HTTP/1.1 409 Conflict"
2026-06-21 13:08:30 [telegram.ext.Application] ERROR: No error handlers are registered, logging exception.
Traceback (most recent call last):
  File "C:\Users\hp\AppData\Local\Programs\Python\Python311\Lib\site-packages\telegram\ext\_utils\networkloop.py", line 161, in network_retry_loop
    await do_action()
  File "C:\Users\hp\AppData\Local\Programs\Python\Python311\Lib\site-packages\telegram\ext\_utils\networkloop.py", line 154, in do_action
    action_cb_task.result()
  File "C:\Users\hp\AppData\Local\Programs\Python\Python311\Lib\site-packages\telegram\ext\_updater.py", line 340, in polling_action_cb
    updates = await self.bot.get_updates(
              ^^^^^^^^^^^^^^^^^^^^^^^^^^^
  File "C:\Users\hp\AppData\Local\Programs\Python\Python311\Lib\site-packages\telegram\ext\_extbot.py", line 672, in get_updates
    updates = await super().get_updates(
              ^^^^^^^^^^^^^^^^^^^^^^^^^^
  File "C:\Users\hp\AppData\Local\Programs\Python\Python311\Lib\site-packages\telegram\_bot.py", line 4865, in get_updates
    await self._post(
  File "C:\Users\hp\AppData\Local\Programs\Python\Python311\Lib\site-packages\telegram\_bot.py", line 704, in _post
    return await self._do_post(
           ^^^^^^^^^^^^^^^^^^^^
  File "C:\Users\hp\AppData\Local\Programs\Python\Python311\Lib\site-packages\telegram\ext\_extbot.py", line 370, in _do_post
    return await super()._do_post(
           ^^^^^^^^^^^^^^^^^^^^^^^
  File "C:\Users\hp\AppData\Local\Programs\Python\Python311\Lib\site-packages\telegram\_bot.py", line 733, in _do_post
    result = await request.post(
             ^^^^^^^^^^^^^^^^^^^
  File "C:\Users\hp\AppData\Local\Programs\Python\Python311\Lib\site-packages\telegram\request\_baserequest.py", line 198, in post
    result = await self._request_wrapper(
             ^^^^^^^^^^^^^^^^^^^^^^^^^^^^
  File "C:\Users\hp\AppData\Local\Programs\Python\Python311\Lib\site-packages\telegram\request\_baserequest.py", line 375, in _request_wrapper
    raise exception
telegram.error.Conflict: Conflict: terminated by other getUpdates request; make sure that only one bot instance is running
2026-06-21 13:08:37 [httpx] INFO: HTTP Request: POST https://api.telegram.org/bot8711216541:AAF0lXqJmvUUf0Q8RGwqFN_BcE3uTVq76cs/getUpdates "HTTP/1.1 409 Conflict"
2026-06-21 13:08:37 [telegram.ext.Application] ERROR: No error handlers are registered, logging exception.
Traceback (most recent call last):
  File "C:\Users\hp\AppData\Local\Programs\Python\Python311\Lib\site-packages\telegram\ext\_utils\networkloop.py", line 161, in network_retry_loop
    await do_action()
  File "C:\Users\hp\AppData\Local\Programs\Python\Python311\Lib\site-packages\telegram\ext\_utils\networkloop.py", line 154, in do_action
    action_cb_task.result()
  File "C:\Users\hp\AppData\Local\Programs\Python\Python311\Lib\site-packages\telegram\ext\_updater.py", line 340, in polling_action_cb
    updates = await self.bot.get_updates(
              ^^^^^^^^^^^^^^^^^^^^^^^^^^^
  File "C:\Users\hp\AppData\Local\Programs\Python\Python311\Lib\site-packages\telegram\ext\_extbot.py", line 672, in get_updates
    updates = await super().get_updates(
              ^^^^^^^^^^^^^^^^^^^^^^^^^^
  File "C:\Users\hp\AppData\Local\Programs\Python\Python311\Lib\site-packages\telegram\_bot.py", line 4865, in get_updates
    await self._post(
  File "C:\Users\hp\AppData\Local\Programs\Python\Python311\Lib\site-packages\telegram\_bot.py", line 704, in _post
    return await self._do_post(
           ^^^^^^^^^^^^^^^^^^^^
  File "C:\Users\hp\AppData\Local\Programs\Python\Python311\Lib\site-packages\telegram\ext\_extbot.py", line 370, in _do_post
    return await super()._do_post(
           ^^^^^^^^^^^^^^^^^^^^^^^
  File "C:\Users\hp\AppData\Local\Programs\Python\Python311\Lib\site-packages\telegram\_bot.py", line 733, in _do_post
    result = await request.post(
             ^^^^^^^^^^^^^^^^^^^
  File "C:\Users\hp\AppData\Local\Programs\Python\Python311\Lib\site-packages\telegram\request\_baserequest.py", line 198, in post
    result = await self._request_wrapper(
             ^^^^^^^^^^^^^^^^^^^^^^^^^^^^
  File "C:\Users\hp\AppData\Local\Programs\Python\Python311\Lib\site-packages\telegram\request\_baserequest.py", line 375, in _request_wrapper
    raise exception
telegram.error.Conflict: Conflict: terminated by other getUpdates request; make sure that only one bot instance is running
2026-06-21 13:08:43 [httpx] INFO: HTTP Request: POST https://api.telegram.org/bot8711216541:AAF0lXqJmvUUf0Q8RGwqFN_BcE3uTVq76cs/getUpdates "HTTP/1.1 409 Conflict"
2026-06-21 13:08:43 [telegram.ext.Application] ERROR: No error handlers are registered, logging exception.
Traceback (most recent call last):
  File "C:\Users\hp\AppData\Local\Programs\Python\Python311\Lib\site-packages\telegram\ext\_utils\networkloop.py", line 161, in network_retry_loop
    await do_action()
  File "C:\Users\hp\AppData\Local\Programs\Python\Python311\Lib\site-packages\telegram\ext\_utils\networkloop.py", line 154, in do_action
    action_cb_task.result()
  File "C:\Users\hp\AppData\Local\Programs\Python\Python311\Lib\site-packages\telegram\ext\_updater.py", line 340, in polling_action_cb
    updates = await self.bot.get_updates(
              ^^^^^^^^^^^^^^^^^^^^^^^^^^^
  File "C:\Users\hp\AppData\Local\Programs\Python\Python311\Lib\site-packages\telegram\ext\_extbot.py", line 672, in get_updates
    updates = await super().get_updates(
              ^^^^^^^^^^^^^^^^^^^^^^^^^^
  File "C:\Users\hp\AppData\Local\Programs\Python\Python311\Lib\site-packages\telegram\_bot.py", line 4865, in get_updates
    await self._post(
  File "C:\Users\hp\AppData\Local\Programs\Python\Python311\Lib\site-packages\telegram\_bot.py", line 704, in _post
    return await self._do_post(
           ^^^^^^^^^^^^^^^^^^^^
  File "C:\Users\hp\AppData\Local\Programs\Python\Python311\Lib\site-packages\telegram\ext\_extbot.py", line 370, in _do_post
    return await super()._do_post(
           ^^^^^^^^^^^^^^^^^^^^^^^
  File "C:\Users\hp\AppData\Local\Programs\Python\Python311\Lib\site-packages\telegram\_bot.py", line 733, in _do_post
    result = await request.post(
             ^^^^^^^^^^^^^^^^^^^
  File "C:\Users\hp\AppData\Local\Programs\Python\Python311\Lib\site-packages\telegram\request\_baserequest.py", line 198, in post
    result = await self._request_wrapper(
             ^^^^^^^^^^^^^^^^^^^^^^^^^^^^
  File "C:\Users\hp\AppData\Local\Programs\Python\Python311\Lib\site-packages\telegram\request\_baserequest.py", line 375, in _request_wrapper
    raise exception
telegram.error.Conflict: Conflict: terminated by other getUpdates request; make sure that only one bot instance is running
2026-06-21 13:08:51 [httpx] INFO: HTTP Request: POST https://api.telegram.org/bot8711216541:AAF0lXqJmvUUf0Q8RGwqFN_BcE3uTVq76cs/getUpdates "HTTP/1.1 409 Conflict"
2026-06-21 13:08:51 [telegram.ext.Application] ERROR: No error handlers are registered, logging exception.
Traceback (most recent call last):
  File "C:\Users\hp\AppData\Local\Programs\Python\Python311\Lib\site-packages\telegram\ext\_utils\networkloop.py", line 161, in network_retry_loop
    await do_action()
  File "C:\Users\hp\AppData\Local\Programs\Python\Python311\Lib\site-packages\telegram\ext\_utils\networkloop.py", line 154, in do_action
    action_cb_task.result()
  File "C:\Users\hp\AppData\Local\Programs\Python\Python311\Lib\site-packages\telegram\ext\_updater.py", line 340, in polling_action_cb
    updates = await self.bot.get_updates(
              ^^^^^^^^^^^^^^^^^^^^^^^^^^^
  File "C:\Users\hp\AppData\Local\Programs\Python\Python311\Lib\site-packages\telegram\ext\_extbot.py", line 672, in get_updates
    updates = await super().get_updates(
              ^^^^^^^^^^^^^^^^^^^^^^^^^^
  File "C:\Users\hp\AppData\Local\Programs\Python\Python311\Lib\site-packages\telegram\_bot.py", line 4865, in get_updates
    await self._post(
  File "C:\Users\hp\AppData\Local\Programs\Python\Python311\Lib\site-packages\telegram\_bot.py", line 704, in _post
    return await self._do_post(
           ^^^^^^^^^^^^^^^^^^^^
  File "C:\Users\hp\AppData\Local\Programs\Python\Python311\Lib\site-packages\telegram\ext\_extbot.py", line 370, in _do_post
    return await super()._do_post(
           ^^^^^^^^^^^^^^^^^^^^^^^
  File "C:\Users\hp\AppData\Local\Programs\Python\Python311\Lib\site-packages\telegram\_bot.py", line 733, in _do_post
    result = await request.post(
             ^^^^^^^^^^^^^^^^^^^
  File "C:\Users\hp\AppData\Local\Programs\Python\Python311\Lib\site-packages\telegram\request\_baserequest.py", line 198, in post
    result = await self._request_wrapper(
             ^^^^^^^^^^^^^^^^^^^^^^^^^^^^
  File "C:\Users\hp\AppData\Local\Programs\Python\Python311\Lib\site-packages\telegram\request\_baserequest.py", line 375, in _request_wrapper
    raise exception
telegram.error.Conflict: Conflict: terminated by other getUpdates request; make sure that only one bot instance is running
2026-06-21 13:09:05 [httpx] INFO: HTTP Request: POST https://api.telegram.org/bot8711216541:AAF0lXqJmvUUf0Q8RGwqFN_BcE3uTVq76cs/getUpdates "HTTP/1.1 409 Conflict"
2026-06-21 13:09:05 [telegram.ext.Application] ERROR: No error handlers are registered, logging exception.
Traceback (most recent call last):
  File "C:\Users\hp\AppData\Local\Programs\Python\Python311\Lib\site-packages\telegram\ext\_utils\networkloop.py", line 161, in network_retry_loop
    await do_action()
  File "C:\Users\hp\AppData\Local\Programs\Python\Python311\Lib\site-packages\telegram\ext\_utils\networkloop.py", line 154, in do_action
    action_cb_task.result()
  File "C:\Users\hp\AppData\Local\Programs\Python\Python311\Lib\site-packages\telegram\ext\_updater.py", line 340, in polling_action_cb
    updates = await self.bot.get_updates(
              ^^^^^^^^^^^^^^^^^^^^^^^^^^^
  File "C:\Users\hp\AppData\Local\Programs\Python\Python311\Lib\site-packages\telegram\ext\_extbot.py", line 672, in get_updates
    updates = await super().get_updates(
              ^^^^^^^^^^^^^^^^^^^^^^^^^^
  File "C:\Users\hp\AppData\Local\Programs\Python\Python311\Lib\site-packages\telegram\_bot.py", line 4865, in get_updates
    await self._post(
  File "C:\Users\hp\AppData\Local\Programs\Python\Python311\Lib\site-packages\telegram\_bot.py", line 704, in _post
    return await self._do_post(
           ^^^^^^^^^^^^^^^^^^^^
  File "C:\Users\hp\AppData\Local\Programs\Python\Python311\Lib\site-packages\telegram\ext\_extbot.py", line 370, in _do_post
    return await super()._do_post(
           ^^^^^^^^^^^^^^^^^^^^^^^
  File "C:\Users\hp\AppData\Local\Programs\Python\Python311\Lib\site-packages\telegram\_bot.py", line 733, in _do_post
    result = await request.post(
             ^^^^^^^^^^^^^^^^^^^
  File "C:\Users\hp\AppData\Local\Programs\Python\Python311\Lib\site-packages\telegram\request\_baserequest.py", line 198, in post
    result = await self._request_wrapper(
             ^^^^^^^^^^^^^^^^^^^^^^^^^^^^
  File "C:\Users\hp\AppData\Local\Programs\Python\Python311\Lib\site-packages\telegram\request\_baserequest.py", line 375, in _request_wrapper
    raise exception
telegram.error.Conflict: Conflict: terminated by other getUpdates request; make sure that only one bot instance is running
2026-06-21 13:09:24 [httpx] INFO: HTTP Request: POST https://api.telegram.org/bot8711216541:AAF0lXqJmvUUf0Q8RGwqFN_BcE3uTVq76cs/getUpdates "HTTP/1.1 200 OK"
2026-06-21 13:09:25 [httpx] INFO: HTTP Request: POST https://api.telegram.org/bot8711216541:AAF0lXqJmvUUf0Q8RGwqFN_BcE3uTVq76cs/getUpdates "HTTP/1.1 409 Conflict"
2026-06-21 13:09:25 [telegram.ext.Application] ERROR: No error handlers are registered, logging exception.
Traceback (most recent call last):
  File "C:\Users\hp\AppData\Local\Programs\Python\Python311\Lib\site-packages\telegram\ext\_utils\networkloop.py", line 161, in network_retry_loop
    await do_action()
  File "C:\Users\hp\AppData\Local\Programs\Python\Python311\Lib\site-packages\telegram\ext\_utils\networkloop.py", line 154, in do_action
    action_cb_task.result()
  File "C:\Users\hp\AppData\Local\Programs\Python\Python311\Lib\site-packages\telegram\ext\_updater.py", line 340, in polling_action_cb
    updates = await self.bot.get_updates(
              ^^^^^^^^^^^^^^^^^^^^^^^^^^^
  File "C:\Users\hp\AppData\Local\Programs\Python\Python311\Lib\site-packages\telegram\ext\_extbot.py", line 672, in get_updates
    updates = await super().get_updates(
              ^^^^^^^^^^^^^^^^^^^^^^^^^^
  File "C:\Users\hp\AppData\Local\Programs\Python\Python311\Lib\site-packages\telegram\_bot.py", line 4865, in get_updates
    await self._post(
  File "C:\Users\hp\AppData\Local\Programs\Python\Python311\Lib\site-packages\telegram\_bot.py", line 704, in _post
    return await self._do_post(
           ^^^^^^^^^^^^^^^^^^^^
  File "C:\Users\hp\AppData\Local\Programs\Python\Python311\Lib\site-packages\telegram\ext\_extbot.py", line 370, in _do_post
    return await super()._do_post(
           ^^^^^^^^^^^^^^^^^^^^^^^
  File "C:\Users\hp\AppData\Local\Programs\Python\Python311\Lib\site-packages\telegram\_bot.py", line 733, in _do_post
    result = await request.post(
             ^^^^^^^^^^^^^^^^^^^
  File "C:\Users\hp\AppData\Local\Programs\Python\Python311\Lib\site-packages\telegram\request\_baserequest.py", line 198, in post
    result = await self._request_wrapper(
             ^^^^^^^^^^^^^^^^^^^^^^^^^^^^
  File "C:\Users\hp\AppData\Local\Programs\Python\Python311\Lib\site-packages\telegram\request\_baserequest.py", line 375, in _request_wrapper
    raise exception
telegram.error.Conflict: Conflict: terminated by other getUpdates request; make sure that only one bot instance is running
2026-06-21 13:09:36 [httpx] INFO: HTTP Request: POST https://api.telegram.org/bot8711216541:AAF0lXqJmvUUf0Q8RGwqFN_BcE3uTVq76cs/getUpdates "HTTP/1.1 200 OK"
2026-06-21 13:09:47 [httpx] INFO: HTTP Request: POST https://api.telegram.org/bot8711216541:AAF0lXqJmvUUf0Q8RGwqFN_BcE3uTVq76cs/getUpdates "HTTP/1.1 409 Conflict"
2026-06-21 13:09:47 [telegram.ext.Application] ERROR: No error handlers are registered, logging exception.
Traceback (most recent call last):
  File "C:\Users\hp\AppData\Local\Programs\Python\Python311\Lib\site-packages\telegram\ext\_utils\networkloop.py", line 161, in network_retry_loop
    await do_action()
  File "C:\Users\hp\AppData\Local\Programs\Python\Python311\Lib\site-packages\telegram\ext\_utils\networkloop.py", line 154, in do_action
    action_cb_task.result()
  File "C:\Users\hp\AppData\Local\Programs\Python\Python311\Lib\site-packages\telegram\ext\_updater.py", line 340, in polling_action_cb
    updates = await self.bot.get_updates(
              ^^^^^^^^^^^^^^^^^^^^^^^^^^^
  File "C:\Users\hp\AppData\Local\Programs\Python\Python311\Lib\site-packages\telegram\ext\_extbot.py", line 672, in get_updates
    updates = await super().get_updates(
              ^^^^^^^^^^^^^^^^^^^^^^^^^^
  File "C:\Users\hp\AppData\Local\Programs\Python\Python311\Lib\site-packages\telegram\_bot.py", line 4865, in get_updates
    await self._post(
  File "C:\Users\hp\AppData\Local\Programs\Python\Python311\Lib\site-packages\telegram\_bot.py", line 704, in _post
    return await self._do_post(
           ^^^^^^^^^^^^^^^^^^^^
  File "C:\Users\hp\AppData\Local\Programs\Python\Python311\Lib\site-packages\telegram\ext\_extbot.py", line 370, in _do_post
    return await super()._do_post(
           ^^^^^^^^^^^^^^^^^^^^^^^
  File "C:\Users\hp\AppData\Local\Programs\Python\Python311\Lib\site-packages\telegram\_bot.py", line 733, in _do_post
    result = await request.post(
             ^^^^^^^^^^^^^^^^^^^
  File "C:\Users\hp\AppData\Local\Programs\Python\Python311\Lib\site-packages\telegram\request\_baserequest.py", line 198, in post
    result = await self._request_wrapper(
             ^^^^^^^^^^^^^^^^^^^^^^^^^^^^
  File "C:\Users\hp\AppData\Local\Programs\Python\Python311\Lib\site-packages\telegram\request\_baserequest.py", line 375, in _request_wrapper
    raise exception
telegram.error.Conflict: Conflict: terminated by other getUpdates request; make sure that only one bot instance is running
2026-06-21 13:09:58 [httpx] INFO: HTTP Request: POST https://api.telegram.org/bot8711216541:AAF0lXqJmvUUf0Q8RGwqFN_BcE3uTVq76cs/getUpdates "HTTP/1.1 200 OK"
2026-06-21 13:10:08 [httpx] INFO: HTTP Request: POST https://api.telegram.org/bot8711216541:AAF0lXqJmvUUf0Q8RGwqFN_BcE3uTVq76cs/getUpdates "HTTP/1.1 200 OK"
2026-06-21 13:10:17 [httpx] INFO: HTTP Request: POST https://api.telegram.org/bot8711216541:AAF0lXqJmvUUf0Q8RGwqFN_BcE3uTVq76cs/getUpdates "HTTP/1.1 409 Conflict"
2026-06-21 13:10:17 [telegram.ext.Application] ERROR: No error handlers are registered, logging exception.
Traceback (most recent call last):
  File "C:\Users\hp\AppData\Local\Programs\Python\Python311\Lib\site-packages\telegram\ext\_utils\networkloop.py", line 161, in network_retry_loop
    await do_action()
  File "C:\Users\hp\AppData\Local\Programs\Python\Python311\Lib\site-packages\telegram\ext\_utils\networkloop.py", line 154, in do_action
    action_cb_task.result()
  File "C:\Users\hp\AppData\Local\Programs\Python\Python311\Lib\site-packages\telegram\ext\_updater.py", line 340, in polling_action_cb
    updates = await self.bot.get_updates(
              ^^^^^^^^^^^^^^^^^^^^^^^^^^^
  File "C:\Users\hp\AppData\Local\Programs\Python\Python311\Lib\site-packages\telegram\ext\_extbot.py", line 672, in get_updates
    updates = await super().get_updates(
              ^^^^^^^^^^^^^^^^^^^^^^^^^^
  File "C:\Users\hp\AppData\Local\Programs\Python\Python311\Lib\site-packages\telegram\_bot.py", line 4865, in get_updates
    await self._post(
  File "C:\Users\hp\AppData\Local\Programs\Python\Python311\Lib\site-packages\telegram\_bot.py", line 704, in _post
    return await self._do_post(
           ^^^^^^^^^^^^^^^^^^^^
  File "C:\Users\hp\AppData\Local\Programs\Python\Python311\Lib\site-packages\telegram\ext\_extbot.py", line 370, in _do_post
    return await super()._do_post(
           ^^^^^^^^^^^^^^^^^^^^^^^
  File "C:\Users\hp\AppData\Local\Programs\Python\Python311\Lib\site-packages\telegram\_bot.py", line 733, in _do_post
    result = await request.post(
             ^^^^^^^^^^^^^^^^^^^
  File "C:\Users\hp\AppData\Local\Programs\Python\Python311\Lib\site-packages\telegram\request\_baserequest.py", line 198, in post
    result = await self._request_wrapper(
             ^^^^^^^^^^^^^^^^^^^^^^^^^^^^
  File "C:\Users\hp\AppData\Local\Programs\Python\Python311\Lib\site-packages\telegram\request\_baserequest.py", line 375, in _request_wrapper
    raise exception
telegram.error.Conflict: Conflict: terminated by other getUpdates request; make sure that only one bot instance is running
2026-06-21 13:10:28 [httpx] INFO: HTTP Request: POST https://api.telegram.org/bot8711216541:AAF0lXqJmvUUf0Q8RGwqFN_BcE3uTVq76cs/getUpdates "HTTP/1.1 200 OK"
2026-06-21 13:10:38 [httpx] INFO: HTTP Request: POST https://api.telegram.org/bot8711216541:AAF0lXqJmvUUf0Q8RGwqFN_BcE3uTVq76cs/getUpdates "HTTP/1.1 200 OK"
2026-06-21 13:10:48 [httpx] INFO: HTTP Request: POST https://api.telegram.org/bot8711216541:AAF0lXqJmvUUf0Q8RGwqFN_BcE3uTVq76cs/getUpdates "HTTP/1.1 200 OK"
2026-06-21 13:10:51 [httpx] INFO: HTTP Request: POST https://api.telegram.org/bot8711216541:AAF0lXqJmvUUf0Q8RGwqFN_BcE3uTVq76cs/getUpdates "HTTP/1.1 409 Conflict"
2026-06-21 13:10:51 [telegram.ext.Application] ERROR: No error handlers are registered, logging exception.
Traceback (most recent call last):
  File "C:\Users\hp\AppData\Local\Programs\Python\Python311\Lib\site-packages\telegram\ext\_utils\networkloop.py", line 161, in network_retry_loop
    await do_action()
  File "C:\Users\hp\AppData\Local\Programs\Python\Python311\Lib\site-packages\telegram\ext\_utils\networkloop.py", line 154, in do_action
    action_cb_task.result()
  File "C:\Users\hp\AppData\Local\Programs\Python\Python311\Lib\site-packages\telegram\ext\_updater.py", line 340, in polling_action_cb
    updates = await self.bot.get_updates(
              ^^^^^^^^^^^^^^^^^^^^^^^^^^^
  File "C:\Users\hp\AppData\Local\Programs\Python\Python311\Lib\site-packages\telegram\ext\_extbot.py", line 672, in get_updates
    updates = await super().get_updates(
              ^^^^^^^^^^^^^^^^^^^^^^^^^^
  File "C:\Users\hp\AppData\Local\Programs\Python\Python311\Lib\site-packages\telegram\_bot.py", line 4865, in get_updates
    await self._post(
  File "C:\Users\hp\AppData\Local\Programs\Python\Python311\Lib\site-packages\telegram\_bot.py", line 704, in _post
    return await self._do_post(
           ^^^^^^^^^^^^^^^^^^^^
  File "C:\Users\hp\AppData\Local\Programs\Python\Python311\Lib\site-packages\telegram\ext\_extbot.py", line 370, in _do_post
    return await super()._do_post(
           ^^^^^^^^^^^^^^^^^^^^^^^
  File "C:\Users\hp\AppData\Local\Programs\Python\Python311\Lib\site-packages\telegram\_bot.py", line 733, in _do_post
    result = await request.post(
             ^^^^^^^^^^^^^^^^^^^
  File "C:\Users\hp\AppData\Local\Programs\Python\Python311\Lib\site-packages\telegram\request\_baserequest.py", line 198, in post
    result = await self._request_wrapper(
             ^^^^^^^^^^^^^^^^^^^^^^^^^^^^
  File "C:\Users\hp\AppData\Local\Programs\Python\Python311\Lib\site-packages\telegram\request\_baserequest.py", line 375, in _request_wrapper
    raise exception
telegram.error.Conflict: Conflict: terminated by other getUpdates request; make sure that only one bot instance is running
2026-06-21 13:11:02 [httpx] INFO: HTTP Request: POST https://api.telegram.org/bot8711216541:AAF0lXqJmvUUf0Q8RGwqFN_BcE3uTVq76cs/getUpdates "HTTP/1.1 200 OK"
2026-06-21 13:11:12 [httpx] INFO: HTTP Request: POST https://api.telegram.org/bot8711216541:AAF0lXqJmvUUf0Q8RGwqFN_BcE3uTVq76cs/getUpdates "HTTP/1.1 200 OK"
2026-06-21 13:11:23 [httpx] INFO: HTTP Request: POST https://api.telegram.org/bot8711216541:AAF0lXqJmvUUf0Q8RGwqFN_BcE3uTVq76cs/getUpdates "HTTP/1.1 200 OK"
2026-06-21 13:11:25 [httpx] INFO: HTTP Request: POST https://api.telegram.org/bot8711216541:AAF0lXqJmvUUf0Q8RGwqFN_BcE3uTVq76cs/getUpdates "HTTP/1.1 409 Conflict"
2026-06-21 13:11:25 [telegram.ext.Application] ERROR: No error handlers are registered, logging exception.
Traceback (most recent call last):
  File "C:\Users\hp\AppData\Local\Programs\Python\Python311\Lib\site-packages\telegram\ext\_utils\networkloop.py", line 161, in network_retry_loop
    await do_action()
  File "C:\Users\hp\AppData\Local\Programs\Python\Python311\Lib\site-packages\telegram\ext\_utils\networkloop.py", line 154, in do_action
    action_cb_task.result()
  File "C:\Users\hp\AppData\Local\Programs\Python\Python311\Lib\site-packages\telegram\ext\_updater.py", line 340, in polling_action_cb
    updates = await self.bot.get_updates(
              ^^^^^^^^^^^^^^^^^^^^^^^^^^^
  File "C:\Users\hp\AppData\Local\Programs\Python\Python311\Lib\site-packages\telegram\ext\_extbot.py", line 672, in get_updates
    updates = await super().get_updates(
              ^^^^^^^^^^^^^^^^^^^^^^^^^^
  File "C:\Users\hp\AppData\Local\Programs\Python\Python311\Lib\site-packages\telegram\_bot.py", line 4865, in get_updates
    await self._post(
  File "C:\Users\hp\AppData\Local\Programs\Python\Python311\Lib\site-packages\telegram\_bot.py", line 704, in _post
    return await self._do_post(
           ^^^^^^^^^^^^^^^^^^^^
  File "C:\Users\hp\AppData\Local\Programs\Python\Python311\Lib\site-packages\telegram\ext\_extbot.py", line 370, in _do_post
    return await super()._do_post(
           ^^^^^^^^^^^^^^^^^^^^^^^
  File "C:\Users\hp\AppData\Local\Programs\Python\Python311\Lib\site-packages\telegram\_bot.py", line 733, in _do_post
    result = await request.post(
             ^^^^^^^^^^^^^^^^^^^
  File "C:\Users\hp\AppData\Local\Programs\Python\Python311\Lib\site-packages\telegram\request\_baserequest.py", line 198, in post
    result = await self._request_wrapper(
             ^^^^^^^^^^^^^^^^^^^^^^^^^^^^
  File "C:\Users\hp\AppData\Local\Programs\Python\Python311\Lib\site-packages\telegram\request\_baserequest.py", line 375, in _request_wrapper
    raise exception
telegram.error.Conflict: Conflict: terminated by other getUpdates request; make sure that only one bot instance is running
2026-06-21 13:11:36 [httpx] INFO: HTTP Request: POST https://api.telegram.org/bot8711216541:AAF0lXqJmvUUf0Q8RGwqFN_BcE3uTVq76cs/getUpdates "HTTP/1.1 200 OK"
2026-06-21 13:11:47 [httpx] INFO: HTTP Request: POST https://api.telegram.org/bot8711216541:AAF0lXqJmvUUf0Q8RGwqFN_BcE3uTVq76cs/getUpdates "HTTP/1.1 200 OK"
2026-06-21 13:11:57 [httpx] INFO: HTTP Request: POST https://api.telegram.org/bot8711216541:AAF0lXqJmvUUf0Q8RGwqFN_BcE3uTVq76cs/getUpdates "HTTP/1.1 200 OK"
2026-06-21 13:12:00 [httpx] INFO: HTTP Request: POST https://api.telegram.org/bot8711216541:AAF0lXqJmvUUf0Q8RGwqFN_BcE3uTVq76cs/getUpdates "HTTP/1.1 409 Conflict"
2026-06-21 13:12:00 [telegram.ext.Application] ERROR: No error handlers are registered, logging exception.
Traceback (most recent call last):
  File "C:\Users\hp\AppData\Local\Programs\Python\Python311\Lib\site-packages\telegram\ext\_utils\networkloop.py", line 161, in network_retry_loop
    await do_action()
  File "C:\Users\hp\AppData\Local\Programs\Python\Python311\Lib\site-packages\telegram\ext\_utils\networkloop.py", line 154, in do_action
    action_cb_task.result()
  File "C:\Users\hp\AppData\Local\Programs\Python\Python311\Lib\site-packages\telegram\ext\_updater.py", line 340, in polling_action_cb
    updates = await self.bot.get_updates(
              ^^^^^^^^^^^^^^^^^^^^^^^^^^^
  File "C:\Users\hp\AppData\Local\Programs\Python\Python311\Lib\site-packages\telegram\ext\_extbot.py", line 672, in get_updates
    updates = await super().get_updates(
              ^^^^^^^^^^^^^^^^^^^^^^^^^^
  File "C:\Users\hp\AppData\Local\Programs\Python\Python311\Lib\site-packages\telegram\_bot.py", line 4865, in get_updates
    await self._post(
  File "C:\Users\hp\AppData\Local\Programs\Python\Python311\Lib\site-packages\telegram\_bot.py", line 704, in _post
    return await self._do_post(
           ^^^^^^^^^^^^^^^^^^^^
  File "C:\Users\hp\AppData\Local\Programs\Python\Python311\Lib\site-packages\telegram\ext\_extbot.py", line 370, in _do_post
    return await super()._do_post(
           ^^^^^^^^^^^^^^^^^^^^^^^
  File "C:\Users\hp\AppData\Local\Programs\Python\Python311\Lib\site-packages\telegram\_bot.py", line 733, in _do_post
    result = await request.post(
             ^^^^^^^^^^^^^^^^^^^
  File "C:\Users\hp\AppData\Local\Programs\Python\Python311\Lib\site-packages\telegram\request\_baserequest.py", line 198, in post
    result = await self._request_wrapper(
             ^^^^^^^^^^^^^^^^^^^^^^^^^^^^
  File "C:\Users\hp\AppData\Local\Programs\Python\Python311\Lib\site-packages\telegram\request\_baserequest.py", line 375, in _request_wrapper
    raise exception
telegram.error.Conflict: Conflict: terminated by other getUpdates request; make sure that only one bot instance is running
2026-06-21 13:12:11 [httpx] INFO: HTTP Request: POST https://api.telegram.org/bot8711216541:AAF0lXqJmvUUf0Q8RGwqFN_BcE3uTVq76cs/getUpdates "HTTP/1.1 200 OK"
2026-06-21 13:12:21 [httpx] INFO: HTTP Request: POST https://api.telegram.org/bot8711216541:AAF0lXqJmvUUf0Q8RGwqFN_BcE3uTVq76cs/getUpdates "HTTP/1.1 200 OK"
2026-06-21 13:12:31 [httpx] INFO: HTTP Request: POST https://api.telegram.org/bot8711216541:AAF0lXqJmvUUf0Q8RGwqFN_BcE3uTVq76cs/getUpdates "HTTP/1.1 200 OK"
2026-06-21 13:12:34 [httpx] INFO: HTTP Request: POST https://api.telegram.org/bot8711216541:AAF0lXqJmvUUf0Q8RGwqFN_BcE3uTVq76cs/getUpdates "HTTP/1.1 409 Conflict"
2026-06-21 13:12:34 [telegram.ext.Application] ERROR: No error handlers are registered, logging exception.
Traceback (most recent call last):
  File "C:\Users\hp\AppData\Local\Programs\Python\Python311\Lib\site-packages\telegram\ext\_utils\networkloop.py", line 161, in network_retry_loop
    await do_action()
  File "C:\Users\hp\AppData\Local\Programs\Python\Python311\Lib\site-packages\telegram\ext\_utils\networkloop.py", line 154, in do_action
    action_cb_task.result()
  File "C:\Users\hp\AppData\Local\Programs\Python\Python311\Lib\site-packages\telegram\ext\_updater.py", line 340, in polling_action_cb
    updates = await self.bot.get_updates(
              ^^^^^^^^^^^^^^^^^^^^^^^^^^^
  File "C:\Users\hp\AppData\Local\Programs\Python\Python311\Lib\site-packages\telegram\ext\_extbot.py", line 672, in get_updates
    updates = await super().get_updates(
              ^^^^^^^^^^^^^^^^^^^^^^^^^^
  File "C:\Users\hp\AppData\Local\Programs\Python\Python311\Lib\site-packages\telegram\_bot.py", line 4865, in get_updates
    await self._post(
  File "C:\Users\hp\AppData\Local\Programs\Python\Python311\Lib\site-packages\telegram\_bot.py", line 704, in _post
    return await self._do_post(
           ^^^^^^^^^^^^^^^^^^^^
  File "C:\Users\hp\AppData\Local\Programs\Python\Python311\Lib\site-packages\telegram\ext\_extbot.py", line 370, in _do_post
    return await super()._do_post(
           ^^^^^^^^^^^^^^^^^^^^^^^
  File "C:\Users\hp\AppData\Local\Programs\Python\Python311\Lib\site-packages\telegram\_bot.py", line 733, in _do_post
    result = await request.post(
             ^^^^^^^^^^^^^^^^^^^
  File "C:\Users\hp\AppData\Local\Programs\Python\Python311\Lib\site-packages\telegram\request\_baserequest.py", line 198, in post
    result = await self._request_wrapper(
             ^^^^^^^^^^^^^^^^^^^^^^^^^^^^
  File "C:\Users\hp\AppData\Local\Programs\Python\Python311\Lib\site-packages\telegram\request\_baserequest.py", line 375, in _request_wrapper
    raise exception
telegram.error.Conflict: Conflict: terminated by other getUpdates request; make sure that only one bot instance is running
2026-06-21 13:12:45 [httpx] INFO: HTTP Request: POST https://api.telegram.org/bot8711216541:AAF0lXqJmvUUf0Q8RGwqFN_BcE3uTVq76cs/getUpdates "HTTP/1.1 200 OK"
2026-06-21 13:12:56 [httpx] INFO: HTTP Request: POST https://api.telegram.org/bot8711216541:AAF0lXqJmvUUf0Q8RGwqFN_BcE3uTVq76cs/getUpdates "HTTP/1.1 200 OK"
2026-06-21 13:13:06 [httpx] INFO: HTTP Request: POST https://api.telegram.org/bot8711216541:AAF0lXqJmvUUf0Q8RGwqFN_BcE3uTVq76cs/getUpdates "HTTP/1.1 200 OK"
2026-06-21 13:13:08 [httpx] INFO: HTTP Request: POST https://api.telegram.org/bot8711216541:AAF0lXqJmvUUf0Q8RGwqFN_BcE3uTVq76cs/getUpdates "HTTP/1.1 409 Conflict"
2026-06-21 13:13:08 [telegram.ext.Application] ERROR: No error handlers are registered, logging exception.
Traceback (most recent call last):
  File "C:\Users\hp\AppData\Local\Programs\Python\Python311\Lib\site-packages\telegram\ext\_utils\networkloop.py", line 161, in network_retry_loop
    await do_action()
  File "C:\Users\hp\AppData\Local\Programs\Python\Python311\Lib\site-packages\telegram\ext\_utils\networkloop.py", line 154, in do_action
    action_cb_task.result()
  File "C:\Users\hp\AppData\Local\Programs\Python\Python311\Lib\site-packages\telegram\ext\_updater.py", line 340, in polling_action_cb
    updates = await self.bot.get_updates(
              ^^^^^^^^^^^^^^^^^^^^^^^^^^^
  File "C:\Users\hp\AppData\Local\Programs\Python\Python311\Lib\site-packages\telegram\ext\_extbot.py", line 672, in get_updates
    updates = await super().get_updates(
              ^^^^^^^^^^^^^^^^^^^^^^^^^^
  File "C:\Users\hp\AppData\Local\Programs\Python\Python311\Lib\site-packages\telegram\_bot.py", line 4865, in get_updates
    await self._post(
  File "C:\Users\hp\AppData\Local\Programs\Python\Python311\Lib\site-packages\telegram\_bot.py", line 704, in _post
    return await self._do_post(
           ^^^^^^^^^^^^^^^^^^^^
  File "C:\Users\hp\AppData\Local\Programs\Python\Python311\Lib\site-packages\telegram\ext\_extbot.py", line 370, in _do_post
    return await super()._do_post(
           ^^^^^^^^^^^^^^^^^^^^^^^
  File "C:\Users\hp\AppData\Local\Programs\Python\Python311\Lib\site-packages\telegram\_bot.py", line 733, in _do_post
    result = await request.post(
             ^^^^^^^^^^^^^^^^^^^
  File "C:\Users\hp\AppData\Local\Programs\Python\Python311\Lib\site-packages\telegram\request\_baserequest.py", line 198, in post
    result = await self._request_wrapper(
             ^^^^^^^^^^^^^^^^^^^^^^^^^^^^
  File "C:\Users\hp\AppData\Local\Programs\Python\Python311\Lib\site-packages\telegram\request\_baserequest.py", line 375, in _request_wrapper
    raise exception
telegram.error.Conflict: Conflict: terminated by other getUpdates request; make sure that only one bot instance is running
2026-06-21 13:13:20 [httpx] INFO: HTTP Request: POST https://api.telegram.org/bot8711216541:AAF0lXqJmvUUf0Q8RGwqFN_BcE3uTVq76cs/getUpdates "HTTP/1.1 200 OK"
2026-06-21 13:13:30 [httpx] INFO: HTTP Request: POST https://api.telegram.org/bot8711216541:AAF0lXqJmvUUf0Q8RGwqFN_BcE3uTVq76cs/getUpdates "HTTP/1.1 200 OK"
2026-06-21 13:13:40 [httpx] INFO: HTTP Request: POST https://api.telegram.org/bot8711216541:AAF0lXqJmvUUf0Q8RGwqFN_BcE3uTVq76cs/getUpdates "HTTP/1.1 200 OK"
2026-06-21 13:13:43 [httpx] INFO: HTTP Request: POST https://api.telegram.org/bot8711216541:AAF0lXqJmvUUf0Q8RGwqFN_BcE3uTVq76cs/getUpdates "HTTP/1.1 409 Conflict"
2026-06-21 13:13:43 [telegram.ext.Application] ERROR: No error handlers are registered, logging exception.
Traceback (most recent call last):
  File "C:\Users\hp\AppData\Local\Programs\Python\Python311\Lib\site-packages\telegram\ext\_utils\networkloop.py", line 161, in network_retry_loop
    await do_action()
  File "C:\Users\hp\AppData\Local\Programs\Python\Python311\Lib\site-packages\telegram\ext\_utils\networkloop.py", line 154, in do_action
    action_cb_task.result()
  File "C:\Users\hp\AppData\Local\Programs\Python\Python311\Lib\site-packages\telegram\ext\_updater.py", line 340, in polling_action_cb
    updates = await self.bot.get_updates(
              ^^^^^^^^^^^^^^^^^^^^^^^^^^^
  File "C:\Users\hp\AppData\Local\Programs\Python\Python311\Lib\site-packages\telegram\ext\_extbot.py", line 672, in get_updates
    updates = await super().get_updates(
              ^^^^^^^^^^^^^^^^^^^^^^^^^^
  File "C:\Users\hp\AppData\Local\Programs\Python\Python311\Lib\site-packages\telegram\_bot.py", line 4865, in get_updates
    await self._post(
  File "C:\Users\hp\AppData\Local\Programs\Python\Python311\Lib\site-packages\telegram\_bot.py", line 704, in _post
    return await self._do_post(
           ^^^^^^^^^^^^^^^^^^^^
  File "C:\Users\hp\AppData\Local\Programs\Python\Python311\Lib\site-packages\telegram\ext\_extbot.py", line 370, in _do_post
    return await super()._do_post(
           ^^^^^^^^^^^^^^^^^^^^^^^
  File "C:\Users\hp\AppData\Local\Programs\Python\Python311\Lib\site-packages\telegram\_bot.py", line 733, in _do_post
    result = await request.post(
             ^^^^^^^^^^^^^^^^^^^
  File "C:\Users\hp\AppData\Local\Programs\Python\Python311\Lib\site-packages\telegram\request\_baserequest.py", line 198, in post
    result = await self._request_wrapper(
             ^^^^^^^^^^^^^^^^^^^^^^^^^^^^
  File "C:\Users\hp\AppData\Local\Programs\Python\Python311\Lib\site-packages\telegram\request\_baserequest.py", line 375, in _request_wrapper
    raise exception
telegram.error.Conflict: Conflict: terminated by other getUpdates request; make sure that only one bot instance is running
2026-06-21 13:13:54 [httpx] INFO: HTTP Request: POST https://api.telegram.org/bot8711216541:AAF0lXqJmvUUf0Q8RGwqFN_BcE3uTVq76cs/getUpdates "HTTP/1.1 200 OK"
2026-06-21 13:14:04 [httpx] INFO: HTTP Request: POST https://api.telegram.org/bot8711216541:AAF0lXqJmvUUf0Q8RGwqFN_BcE3uTVq76cs/getUpdates "HTTP/1.1 200 OK"
2026-06-21 13:14:15 [httpx] INFO: HTTP Request: POST https://api.telegram.org/bot8711216541:AAF0lXqJmvUUf0Q8RGwqFN_BcE3uTVq76cs/getUpdates "HTTP/1.1 200 OK"
2026-06-21 13:14:17 [httpx] INFO: HTTP Request: POST https://api.telegram.org/bot8711216541:AAF0lXqJmvUUf0Q8RGwqFN_BcE3uTVq76cs/getUpdates "HTTP/1.1 409 Conflict"
2026-06-21 13:14:17 [telegram.ext.Application] ERROR: No error handlers are registered, logging exception.
Traceback (most recent call last):
  File "C:\Users\hp\AppData\Local\Programs\Python\Python311\Lib\site-packages\telegram\ext\_utils\networkloop.py", line 161, in network_retry_loop
    await do_action()
  File "C:\Users\hp\AppData\Local\Programs\Python\Python311\Lib\site-packages\telegram\ext\_utils\networkloop.py", line 154, in do_action
    action_cb_task.result()
  File "C:\Users\hp\AppData\Local\Programs\Python\Python311\Lib\site-packages\telegram\ext\_updater.py", line 340, in polling_action_cb
    updates = await self.bot.get_updates(
              ^^^^^^^^^^^^^^^^^^^^^^^^^^^
  File "C:\Users\hp\AppData\Local\Programs\Python\Python311\Lib\site-packages\telegram\ext\_extbot.py", line 672, in get_updates
    updates = await super().get_updates(
              ^^^^^^^^^^^^^^^^^^^^^^^^^^
  File "C:\Users\hp\AppData\Local\Programs\Python\Python311\Lib\site-packages\telegram\_bot.py", line 4865, in get_updates
    await self._post(
  File "C:\Users\hp\AppData\Local\Programs\Python\Python311\Lib\site-packages\telegram\_bot.py", line 704, in _post
    return await self._do_post(
           ^^^^^^^^^^^^^^^^^^^^
  File "C:\Users\hp\AppData\Local\Programs\Python\Python311\Lib\site-packages\telegram\ext\_extbot.py", line 370, in _do_post
    return await super()._do_post(
           ^^^^^^^^^^^^^^^^^^^^^^^
  File "C:\Users\hp\AppData\Local\Programs\Python\Python311\Lib\site-packages\telegram\_bot.py", line 733, in _do_post
    result = await request.post(
             ^^^^^^^^^^^^^^^^^^^
  File "C:\Users\hp\AppData\Local\Programs\Python\Python311\Lib\site-packages\telegram\request\_baserequest.py", line 198, in post
    result = await self._request_wrapper(
             ^^^^^^^^^^^^^^^^^^^^^^^^^^^^
  File "C:\Users\hp\AppData\Local\Programs\Python\Python311\Lib\site-packages\telegram\request\_baserequest.py", line 375, in _request_wrapper
    raise exception
telegram.error.Conflict: Conflict: terminated by other getUpdates request; make sure that only one bot instance is running
2026-06-21 13:14:28 [httpx] INFO: HTTP Request: POST https://api.telegram.org/bot8711216541:AAF0lXqJmvUUf0Q8RGwqFN_BcE3uTVq76cs/getUpdates "HTTP/1.1 200 OK"
2026-06-21 13:14:39 [httpx] INFO: HTTP Request: POST https://api.telegram.org/bot8711216541:AAF0lXqJmvUUf0Q8RGwqFN_BcE3uTVq76cs/getUpdates "HTTP/1.1 200 OK"
2026-06-21 13:14:49 [httpx] INFO: HTTP Request: POST https://api.telegram.org/bot8711216541:AAF0lXqJmvUUf0Q8RGwqFN_BcE3uTVq76cs/getUpdates "HTTP/1.1 200 OK"
2026-06-21 13:14:52 [httpx] INFO: HTTP Request: POST https://api.telegram.org/bot8711216541:AAF0lXqJmvUUf0Q8RGwqFN_BcE3uTVq76cs/getUpdates "HTTP/1.1 409 Conflict"
2026-06-21 13:14:52 [telegram.ext.Application] ERROR: No error handlers are registered, logging exception.
Traceback (most recent call last):
  File "C:\Users\hp\AppData\Local\Programs\Python\Python311\Lib\site-packages\telegram\ext\_utils\networkloop.py", line 161, in network_retry_loop
    await do_action()
  File "C:\Users\hp\AppData\Local\Programs\Python\Python311\Lib\site-packages\telegram\ext\_utils\networkloop.py", line 154, in do_action
    action_cb_task.result()
  File "C:\Users\hp\AppData\Local\Programs\Python\Python311\Lib\site-packages\telegram\ext\_updater.py", line 340, in polling_action_cb
    updates = await self.bot.get_updates(
              ^^^^^^^^^^^^^^^^^^^^^^^^^^^
  File "C:\Users\hp\AppData\Local\Programs\Python\Python311\Lib\site-packages\telegram\ext\_extbot.py", line 672, in get_updates
    updates = await super().get_updates(
              ^^^^^^^^^^^^^^^^^^^^^^^^^^
  File "C:\Users\hp\AppData\Local\Programs\Python\Python311\Lib\site-packages\telegram\_bot.py", line 4865, in get_updates
    await self._post(
  File "C:\Users\hp\AppData\Local\Programs\Python\Python311\Lib\site-packages\telegram\_bot.py", line 704, in _post
    return await self._do_post(
           ^^^^^^^^^^^^^^^^^^^^
  File "C:\Users\hp\AppData\Local\Programs\Python\Python311\Lib\site-packages\telegram\ext\_extbot.py", line 370, in _do_post
    return await super()._do_post(
           ^^^^^^^^^^^^^^^^^^^^^^^
  File "C:\Users\hp\AppData\Local\Programs\Python\Python311\Lib\site-packages\telegram\_bot.py", line 733, in _do_post
    result = await request.post(
             ^^^^^^^^^^^^^^^^^^^
  File "C:\Users\hp\AppData\Local\Programs\Python\Python311\Lib\site-packages\telegram\request\_baserequest.py", line 198, in post
    result = await self._request_wrapper(
             ^^^^^^^^^^^^^^^^^^^^^^^^^^^^
  File "C:\Users\hp\AppData\Local\Programs\Python\Python311\Lib\site-packages\telegram\request\_baserequest.py", line 375, in _request_wrapper
    raise exception
telegram.error.Conflict: Conflict: terminated by other getUpdates request; make sure that only one bot instance is running
2026-06-21 13:15:03 [httpx] INFO: HTTP Request: POST https://api.telegram.org/bot8711216541:AAF0lXqJmvUUf0Q8RGwqFN_BcE3uTVq76cs/getUpdates "HTTP/1.1 200 OK"
2026-06-21 13:15:13 [httpx] INFO: HTTP Request: POST https://api.telegram.org/bot8711216541:AAF0lXqJmvUUf0Q8RGwqFN_BcE3uTVq76cs/getUpdates "HTTP/1.1 200 OK"
2026-06-21 13:15:23 [httpx] INFO: HTTP Request: POST https://api.telegram.org/bot8711216541:AAF0lXqJmvUUf0Q8RGwqFN_BcE3uTVq76cs/getUpdates "HTTP/1.1 200 OK"
2026-06-21 13:15:26 [httpx] INFO: HTTP Request: POST https://api.telegram.org/bot8711216541:AAF0lXqJmvUUf0Q8RGwqFN_BcE3uTVq76cs/getUpdates "HTTP/1.1 409 Conflict"
2026-06-21 13:15:26 [telegram.ext.Application] ERROR: No error handlers are registered, logging exception.
Traceback (most recent call last):
  File "C:\Users\hp\AppData\Local\Programs\Python\Python311\Lib\site-packages\telegram\ext\_utils\networkloop.py", line 161, in network_retry_loop
    await do_action()
  File "C:\Users\hp\AppData\Local\Programs\Python\Python311\Lib\site-packages\telegram\ext\_utils\networkloop.py", line 154, in do_action
    action_cb_task.result()
  File "C:\Users\hp\AppData\Local\Programs\Python\Python311\Lib\site-packages\telegram\ext\_updater.py", line 340, in polling_action_cb
    updates = await self.bot.get_updates(
              ^^^^^^^^^^^^^^^^^^^^^^^^^^^
  File "C:\Users\hp\AppData\Local\Programs\Python\Python311\Lib\site-packages\telegram\ext\_extbot.py", line 672, in get_updates
    updates = await super().get_updates(
              ^^^^^^^^^^^^^^^^^^^^^^^^^^
  File "C:\Users\hp\AppData\Local\Programs\Python\Python311\Lib\site-packages\telegram\_bot.py", line 4865, in get_updates
    await self._post(
  File "C:\Users\hp\AppData\Local\Programs\Python\Python311\Lib\site-packages\telegram\_bot.py", line 704, in _post
    return await self._do_post(
           ^^^^^^^^^^^^^^^^^^^^
  File "C:\Users\hp\AppData\Local\Programs\Python\Python311\Lib\site-packages\telegram\ext\_extbot.py", line 370, in _do_post
    return await super()._do_post(
           ^^^^^^^^^^^^^^^^^^^^^^^
  File "C:\Users\hp\AppData\Local\Programs\Python\Python311\Lib\site-packages\telegram\_bot.py", line 733, in _do_post
    result = await request.post(
             ^^^^^^^^^^^^^^^^^^^
  File "C:\Users\hp\AppData\Local\Programs\Python\Python311\Lib\site-packages\telegram\request\_baserequest.py", line 198, in post
    result = await self._request_wrapper(
             ^^^^^^^^^^^^^^^^^^^^^^^^^^^^
  File "C:\Users\hp\AppData\Local\Programs\Python\Python311\Lib\site-packages\telegram\request\_baserequest.py", line 375, in _request_wrapper
    raise exception
telegram.error.Conflict: Conflict: terminated by other getUpdates request; make sure that only one bot instance is running
2026-06-21 13:15:37 [httpx] INFO: HTTP Request: POST https://api.telegram.org/bot8711216541:AAF0lXqJmvUUf0Q8RGwqFN_BcE3uTVq76cs/getUpdates "HTTP/1.1 200 OK"
2026-06-21 13:15:48 [httpx] INFO: HTTP Request: POST https://api.telegram.org/bot8711216541:AAF0lXqJmvUUf0Q8RGwqFN_BcE3uTVq76cs/getUpdates "HTTP/1.1 200 OK"
2026-06-21 13:15:58 [httpx] INFO: HTTP Request: POST https://api.telegram.org/bot8711216541:AAF0lXqJmvUUf0Q8RGwqFN_BcE3uTVq76cs/getUpdates "HTTP/1.1 200 OK"
2026-06-21 13:16:00 [httpx] INFO: HTTP Request: POST https://api.telegram.org/bot8711216541:AAF0lXqJmvUUf0Q8RGwqFN_BcE3uTVq76cs/getUpdates "HTTP/1.1 409 Conflict"
2026-06-21 13:16:00 [telegram.ext.Application] ERROR: No error handlers are registered, logging exception.
Traceback (most recent call last):
  File "C:\Users\hp\AppData\Local\Programs\Python\Python311\Lib\site-packages\telegram\ext\_utils\networkloop.py", line 161, in network_retry_loop
    await do_action()
  File "C:\Users\hp\AppData\Local\Programs\Python\Python311\Lib\site-packages\telegram\ext\_utils\networkloop.py", line 154, in do_action
    action_cb_task.result()
  File "C:\Users\hp\AppData\Local\Programs\Python\Python311\Lib\site-packages\telegram\ext\_updater.py", line 340, in polling_action_cb
    updates = await self.bot.get_updates(
              ^^^^^^^^^^^^^^^^^^^^^^^^^^^
  File "C:\Users\hp\AppData\Local\Programs\Python\Python311\Lib\site-packages\telegram\ext\_extbot.py", line 672, in get_updates
    updates = await super().get_updates(
              ^^^^^^^^^^^^^^^^^^^^^^^^^^
  File "C:\Users\hp\AppData\Local\Programs\Python\Python311\Lib\site-packages\telegram\_bot.py", line 4865, in get_updates
    await self._post(
  File "C:\Users\hp\AppData\Local\Programs\Python\Python311\Lib\site-packages\telegram\_bot.py", line 704, in _post
    return await self._do_post(
           ^^^^^^^^^^^^^^^^^^^^
  File "C:\Users\hp\AppData\Local\Programs\Python\Python311\Lib\site-packages\telegram\ext\_extbot.py", line 370, in _do_post
    return await super()._do_post(
           ^^^^^^^^^^^^^^^^^^^^^^^
  File "C:\Users\hp\AppData\Local\Programs\Python\Python311\Lib\site-packages\telegram\_bot.py", line 733, in _do_post
    result = await request.post(
             ^^^^^^^^^^^^^^^^^^^
  File "C:\Users\hp\AppData\Local\Programs\Python\Python311\Lib\site-packages\telegram\request\_baserequest.py", line 198, in post
    result = await self._request_wrapper(
             ^^^^^^^^^^^^^^^^^^^^^^^^^^^^
  File "C:\Users\hp\AppData\Local\Programs\Python\Python311\Lib\site-packages\telegram\request\_baserequest.py", line 375, in _request_wrapper
    raise exception
telegram.error.Conflict: Conflict: terminated by other getUpdates request; make sure that only one bot instance is running
2026-06-21 13:16:12 [httpx] INFO: HTTP Request: POST https://api.telegram.org/bot8711216541:AAF0lXqJmvUUf0Q8RGwqFN_BcE3uTVq76cs/getUpdates "HTTP/1.1 200 OK"
2026-06-21 13:16:22 [httpx] INFO: HTTP Request: POST https://api.telegram.org/bot8711216541:AAF0lXqJmvUUf0Q8RGwqFN_BcE3uTVq76cs/getUpdates "HTTP/1.1 200 OK"
2026-06-21 13:16:32 [httpx] INFO: HTTP Request: POST https://api.telegram.org/bot8711216541:AAF0lXqJmvUUf0Q8RGwqFN_BcE3uTVq76cs/getUpdates "HTTP/1.1 200 OK"
2026-06-21 13:16:35 [httpx] INFO: HTTP Request: POST https://api.telegram.org/bot8711216541:AAF0lXqJmvUUf0Q8RGwqFN_BcE3uTVq76cs/getUpdates "HTTP/1.1 409 Conflict"
2026-06-21 13:16:35 [telegram.ext.Application] ERROR: No error handlers are registered, logging exception.
Traceback (most recent call last):
  File "C:\Users\hp\AppData\Local\Programs\Python\Python311\Lib\site-packages\telegram\ext\_utils\networkloop.py", line 161, in network_retry_loop
    await do_action()
  File "C:\Users\hp\AppData\Local\Programs\Python\Python311\Lib\site-packages\telegram\ext\_utils\networkloop.py", line 154, in do_action
    action_cb_task.result()
  File "C:\Users\hp\AppData\Local\Programs\Python\Python311\Lib\site-packages\telegram\ext\_updater.py", line 340, in polling_action_cb
    updates = await self.bot.get_updates(
              ^^^^^^^^^^^^^^^^^^^^^^^^^^^
  File "C:\Users\hp\AppData\Local\Programs\Python\Python311\Lib\site-packages\telegram\ext\_extbot.py", line 672, in get_updates
    updates = await super().get_updates(
              ^^^^^^^^^^^^^^^^^^^^^^^^^^
  File "C:\Users\hp\AppData\Local\Programs\Python\Python311\Lib\site-packages\telegram\_bot.py", line 4865, in get_updates
    await self._post(
  File "C:\Users\hp\AppData\Local\Programs\Python\Python311\Lib\site-packages\telegram\_bot.py", line 704, in _post
    return await self._do_post(
           ^^^^^^^^^^^^^^^^^^^^
  File "C:\Users\hp\AppData\Local\Programs\Python\Python311\Lib\site-packages\telegram\ext\_extbot.py", line 370, in _do_post
    return await super()._do_post(
           ^^^^^^^^^^^^^^^^^^^^^^^
  File "C:\Users\hp\AppData\Local\Programs\Python\Python311\Lib\site-packages\telegram\_bot.py", line 733, in _do_post
    result = await request.post(
             ^^^^^^^^^^^^^^^^^^^
  File "C:\Users\hp\AppData\Local\Programs\Python\Python311\Lib\site-packages\telegram\request\_baserequest.py", line 198, in post
    result = await self._request_wrapper(
             ^^^^^^^^^^^^^^^^^^^^^^^^^^^^
  File "C:\Users\hp\AppData\Local\Programs\Python\Python311\Lib\site-packages\telegram\request\_baserequest.py", line 375, in _request_wrapper
    raise exception
telegram.error.Conflict: Conflict: terminated by other getUpdates request; make sure that only one bot instance is running
2026-06-21 13:16:46 [httpx] INFO: HTTP Request: POST https://api.telegram.org/bot8711216541:AAF0lXqJmvUUf0Q8RGwqFN_BcE3uTVq76cs/getUpdates "HTTP/1.1 200 OK"
2026-06-21 13:16:56 [httpx] INFO: HTTP Request: POST https://api.telegram.org/bot8711216541:AAF0lXqJmvUUf0Q8RGwqFN_BcE3uTVq76cs/getUpdates "HTTP/1.1 200 OK"
2026-06-21 13:17:07 [httpx] INFO: HTTP Request: POST https://api.telegram.org/bot8711216541:AAF0lXqJmvUUf0Q8RGwqFN_BcE3uTVq76cs/getUpdates "HTTP/1.1 200 OK"
2026-06-21 13:17:09 [httpx] INFO: HTTP Request: POST https://api.telegram.org/bot8711216541:AAF0lXqJmvUUf0Q8RGwqFN_BcE3uTVq76cs/getUpdates "HTTP/1.1 409 Conflict"
2026-06-21 13:17:09 [telegram.ext.Application] ERROR: No error handlers are registered, logging exception.
Traceback (most recent call last):
  File "C:\Users\hp\AppData\Local\Programs\Python\Python311\Lib\site-packages\telegram\ext\_utils\networkloop.py", line 161, in network_retry_loop
    await do_action()
  File "C:\Users\hp\AppData\Local\Programs\Python\Python311\Lib\site-packages\telegram\ext\_utils\networkloop.py", line 154, in do_action
    action_cb_task.result()
  File "C:\Users\hp\AppData\Local\Programs\Python\Python311\Lib\site-packages\telegram\ext\_updater.py", line 340, in polling_action_cb
    updates = await self.bot.get_updates(
              ^^^^^^^^^^^^^^^^^^^^^^^^^^^
  File "C:\Users\hp\AppData\Local\Programs\Python\Python311\Lib\site-packages\telegram\ext\_extbot.py", line 672, in get_updates
    updates = await super().get_updates(
              ^^^^^^^^^^^^^^^^^^^^^^^^^^
  File "C:\Users\hp\AppData\Local\Programs\Python\Python311\Lib\site-packages\telegram\_bot.py", line 4865, in get_updates
    await self._post(
  File "C:\Users\hp\AppData\Local\Programs\Python\Python311\Lib\site-packages\telegram\_bot.py", line 704, in _post
    return await self._do_post(
           ^^^^^^^^^^^^^^^^^^^^
  File "C:\Users\hp\AppData\Local\Programs\Python\Python311\Lib\site-packages\telegram\ext\_extbot.py", line 370, in _do_post
    return await super()._do_post(
           ^^^^^^^^^^^^^^^^^^^^^^^
  File "C:\Users\hp\AppData\Local\Programs\Python\Python311\Lib\site-packages\telegram\_bot.py", line 733, in _do_post
    result = await request.post(
             ^^^^^^^^^^^^^^^^^^^
  File "C:\Users\hp\AppData\Local\Programs\Python\Python311\Lib\site-packages\telegram\request\_baserequest.py", line 198, in post
    result = await self._request_wrapper(
             ^^^^^^^^^^^^^^^^^^^^^^^^^^^^
  File "C:\Users\hp\AppData\Local\Programs\Python\Python311\Lib\site-packages\telegram\request\_baserequest.py", line 375, in _request_wrapper
    raise exception
telegram.error.Conflict: Conflict: terminated by other getUpdates request; make sure that only one bot instance is running
2026-06-21 13:17:20 [httpx] INFO: HTTP Request: POST https://api.telegram.org/bot8711216541:AAF0lXqJmvUUf0Q8RGwqFN_BcE3uTVq76cs/getUpdates "HTTP/1.1 200 OK"
2026-06-21 13:17:31 [httpx] INFO: HTTP Request: POST https://api.telegram.org/bot8711216541:AAF0lXqJmvUUf0Q8RGwqFN_BcE3uTVq76cs/getUpdates "HTTP/1.1 200 OK"
2026-06-21 13:17:41 [httpx] INFO: HTTP Request: POST https://api.telegram.org/bot8711216541:AAF0lXqJmvUUf0Q8RGwqFN_BcE3uTVq76cs/getUpdates "HTTP/1.1 200 OK"
2026-06-21 13:17:43 [httpx] INFO: HTTP Request: POST https://api.telegram.org/bot8711216541:AAF0lXqJmvUUf0Q8RGwqFN_BcE3uTVq76cs/getUpdates "HTTP/1.1 409 Conflict"
2026-06-21 13:17:43 [telegram.ext.Application] ERROR: No error handlers are registered, logging exception.
Traceback (most recent call last):
  File "C:\Users\hp\AppData\Local\Programs\Python\Python311\Lib\site-packages\telegram\ext\_utils\networkloop.py", line 161, in network_retry_loop
    await do_action()
  File "C:\Users\hp\AppData\Local\Programs\Python\Python311\Lib\site-packages\telegram\ext\_utils\networkloop.py", line 154, in do_action
    action_cb_task.result()
  File "C:\Users\hp\AppData\Local\Programs\Python\Python311\Lib\site-packages\telegram\ext\_updater.py", line 340, in polling_action_cb
    updates = await self.bot.get_updates(
              ^^^^^^^^^^^^^^^^^^^^^^^^^^^
  File "C:\Users\hp\AppData\Local\Programs\Python\Python311\Lib\site-packages\telegram\ext\_extbot.py", line 672, in get_updates
    updates = await super().get_updates(
              ^^^^^^^^^^^^^^^^^^^^^^^^^^
  File "C:\Users\hp\AppData\Local\Programs\Python\Python311\Lib\site-packages\telegram\_bot.py", line 4865, in get_updates
    await self._post(
  File "C:\Users\hp\AppData\Local\Programs\Python\Python311\Lib\site-packages\telegram\_bot.py", line 704, in _post
    return await self._do_post(
           ^^^^^^^^^^^^^^^^^^^^
  File "C:\Users\hp\AppData\Local\Programs\Python\Python311\Lib\site-packages\telegram\ext\_extbot.py", line 370, in _do_post
    return await super()._do_post(
           ^^^^^^^^^^^^^^^^^^^^^^^
  File "C:\Users\hp\AppData\Local\Programs\Python\Python311\Lib\site-packages\telegram\_bot.py", line 733, in _do_post
    result = await request.post(
             ^^^^^^^^^^^^^^^^^^^
  File "C:\Users\hp\AppData\Local\Programs\Python\Python311\Lib\site-packages\telegram\request\_baserequest.py", line 198, in post
    result = await self._request_wrapper(
             ^^^^^^^^^^^^^^^^^^^^^^^^^^^^
  File "C:\Users\hp\AppData\Local\Programs\Python\Python311\Lib\site-packages\telegram\request\_baserequest.py", line 375, in _request_wrapper
    raise exception
telegram.error.Conflict: Conflict: terminated by other getUpdates request; make sure that only one bot instance is running
2026-06-21 13:17:55 [httpx] INFO: HTTP Request: POST https://api.telegram.org/bot8711216541:AAF0lXqJmvUUf0Q8RGwqFN_BcE3uTVq76cs/getUpdates "HTTP/1.1 200 OK"
2026-06-21 13:18:05 [httpx] INFO: HTTP Request: POST https://api.telegram.org/bot8711216541:AAF0lXqJmvUUf0Q8RGwqFN_BcE3uTVq76cs/getUpdates "HTTP/1.1 200 OK"
2026-06-21 13:18:15 [httpx] INFO: HTTP Request: POST https://api.telegram.org/bot8711216541:AAF0lXqJmvUUf0Q8RGwqFN_BcE3uTVq76cs/getUpdates "HTTP/1.1 200 OK"
2026-06-21 13:18:18 [httpx] INFO: HTTP Request: POST https://api.telegram.org/bot8711216541:AAF0lXqJmvUUf0Q8RGwqFN_BcE3uTVq76cs/getUpdates "HTTP/1.1 409 Conflict"
2026-06-21 13:18:18 [telegram.ext.Application] ERROR: No error handlers are registered, logging exception.
Traceback (most recent call last):
  File "C:\Users\hp\AppData\Local\Programs\Python\Python311\Lib\site-packages\telegram\ext\_utils\networkloop.py", line 161, in network_retry_loop
    await do_action()
  File "C:\Users\hp\AppData\Local\Programs\Python\Python311\Lib\site-packages\telegram\ext\_utils\networkloop.py", line 154, in do_action
    action_cb_task.result()
  File "C:\Users\hp\AppData\Local\Programs\Python\Python311\Lib\site-packages\telegram\ext\_updater.py", line 340, in polling_action_cb
    updates = await self.bot.get_updates(
              ^^^^^^^^^^^^^^^^^^^^^^^^^^^
  File "C:\Users\hp\AppData\Local\Programs\Python\Python311\Lib\site-packages\telegram\ext\_extbot.py", line 672, in get_updates
    updates = await super().get_updates(
              ^^^^^^^^^^^^^^^^^^^^^^^^^^
  File "C:\Users\hp\AppData\Local\Programs\Python\Python311\Lib\site-packages\telegram\_bot.py", line 4865, in get_updates
    await self._post(
  File "C:\Users\hp\AppData\Local\Programs\Python\Python311\Lib\site-packages\telegram\_bot.py", line 704, in _post
    return await self._do_post(
           ^^^^^^^^^^^^^^^^^^^^
  File "C:\Users\hp\AppData\Local\Programs\Python\Python311\Lib\site-packages\telegram\ext\_extbot.py", line 370, in _do_post
    return await super()._do_post(
           ^^^^^^^^^^^^^^^^^^^^^^^
  File "C:\Users\hp\AppData\Local\Programs\Python\Python311\Lib\site-packages\telegram\_bot.py", line 733, in _do_post
    result = await request.post(
             ^^^^^^^^^^^^^^^^^^^
  File "C:\Users\hp\AppData\Local\Programs\Python\Python311\Lib\site-packages\telegram\request\_baserequest.py", line 198, in post
    result = await self._request_wrapper(
             ^^^^^^^^^^^^^^^^^^^^^^^^^^^^
  File "C:\Users\hp\AppData\Local\Programs\Python\Python311\Lib\site-packages\telegram\request\_baserequest.py", line 375, in _request_wrapper
    raise exception
telegram.error.Conflict: Conflict: terminated by other getUpdates request; make sure that only one bot instance is running
2026-06-21 13:18:29 [httpx] INFO: HTTP Request: POST https://api.telegram.org/bot8711216541:AAF0lXqJmvUUf0Q8RGwqFN_BcE3uTVq76cs/getUpdates "HTTP/1.1 200 OK"
2026-06-21 13:18:39 [httpx] INFO: HTTP Request: POST https://api.telegram.org/bot8711216541:AAF0lXqJmvUUf0Q8RGwqFN_BcE3uTVq76cs/getUpdates "HTTP/1.1 200 OK"
2026-06-21 13:18:50 [httpx] INFO: HTTP Request: POST https://api.telegram.org/bot8711216541:AAF0lXqJmvUUf0Q8RGwqFN_BcE3uTVq76cs/getUpdates "HTTP/1.1 200 OK"
2026-06-21 13:18:52 [httpx] INFO: HTTP Request: POST https://api.telegram.org/bot8711216541:AAF0lXqJmvUUf0Q8RGwqFN_BcE3uTVq76cs/getUpdates "HTTP/1.1 409 Conflict"
2026-06-21 13:18:52 [telegram.ext.Application] ERROR: No error handlers are registered, logging exception.
Traceback (most recent call last):
  File "C:\Users\hp\AppData\Local\Programs\Python\Python311\Lib\site-packages\telegram\ext\_utils\networkloop.py", line 161, in network_retry_loop
    await do_action()
  File "C:\Users\hp\AppData\Local\Programs\Python\Python311\Lib\site-packages\telegram\ext\_utils\networkloop.py", line 154, in do_action
    action_cb_task.result()
  File "C:\Users\hp\AppData\Local\Programs\Python\Python311\Lib\site-packages\telegram\ext\_updater.py", line 340, in polling_action_cb
    updates = await self.bot.get_updates(
              ^^^^^^^^^^^^^^^^^^^^^^^^^^^
  File "C:\Users\hp\AppData\Local\Programs\Python\Python311\Lib\site-packages\telegram\ext\_extbot.py", line 672, in get_updates
    updates = await super().get_updates(
              ^^^^^^^^^^^^^^^^^^^^^^^^^^
  File "C:\Users\hp\AppData\Local\Programs\Python\Python311\Lib\site-packages\telegram\_bot.py", line 4865, in get_updates
    await self._post(
  File "C:\Users\hp\AppData\Local\Programs\Python\Python311\Lib\site-packages\telegram\_bot.py", line 704, in _post
    return await self._do_post(
           ^^^^^^^^^^^^^^^^^^^^
  File "C:\Users\hp\AppData\Local\Programs\Python\Python311\Lib\site-packages\telegram\ext\_extbot.py", line 370, in _do_post
    return await super()._do_post(
           ^^^^^^^^^^^^^^^^^^^^^^^
  File "C:\Users\hp\AppData\Local\Programs\Python\Python311\Lib\site-packages\telegram\_bot.py", line 733, in _do_post
    result = await request.post(
             ^^^^^^^^^^^^^^^^^^^
  File "C:\Users\hp\AppData\Local\Programs\Python\Python311\Lib\site-packages\telegram\request\_baserequest.py", line 198, in post
    result = await self._request_wrapper(
             ^^^^^^^^^^^^^^^^^^^^^^^^^^^^
  File "C:\Users\hp\AppData\Local\Programs\Python\Python311\Lib\site-packages\telegram\request\_baserequest.py", line 375, in _request_wrapper
    raise exception
telegram.error.Conflict: Conflict: terminated by other getUpdates request; make sure that only one bot instance is running
2026-06-21 13:19:04 [httpx] INFO: HTTP Request: POST https://api.telegram.org/bot8711216541:AAF0lXqJmvUUf0Q8RGwqFN_BcE3uTVq76cs/getUpdates "HTTP/1.1 200 OK"
2026-06-21 13:19:14 [httpx] INFO: HTTP Request: POST https://api.telegram.org/bot8711216541:AAF0lXqJmvUUf0Q8RGwqFN_BcE3uTVq76cs/getUpdates "HTTP/1.1 200 OK"
2026-06-21 13:19:24 [httpx] INFO: HTTP Request: POST https://api.telegram.org/bot8711216541:AAF0lXqJmvUUf0Q8RGwqFN_BcE3uTVq76cs/getUpdates "HTTP/1.1 200 OK"
2026-06-21 13:19:27 [httpx] INFO: HTTP Request: POST https://api.telegram.org/bot8711216541:AAF0lXqJmvUUf0Q8RGwqFN_BcE3uTVq76cs/getUpdates "HTTP/1.1 409 Conflict"
2026-06-21 13:19:27 [telegram.ext.Application] ERROR: No error handlers are registered, logging exception.
Traceback (most recent call last):
  File "C:\Users\hp\AppData\Local\Programs\Python\Python311\Lib\site-packages\telegram\ext\_utils\networkloop.py", line 161, in network_retry_loop
    await do_action()
  File "C:\Users\hp\AppData\Local\Programs\Python\Python311\Lib\site-packages\telegram\ext\_utils\networkloop.py", line 154, in do_action
    action_cb_task.result()
  File "C:\Users\hp\AppData\Local\Programs\Python\Python311\Lib\site-packages\telegram\ext\_updater.py", line 340, in polling_action_cb
    updates = await self.bot.get_updates(
              ^^^^^^^^^^^^^^^^^^^^^^^^^^^
  File "C:\Users\hp\AppData\Local\Programs\Python\Python311\Lib\site-packages\telegram\ext\_extbot.py", line 672, in get_updates
    updates = await super().get_updates(
              ^^^^^^^^^^^^^^^^^^^^^^^^^^
  File "C:\Users\hp\AppData\Local\Programs\Python\Python311\Lib\site-packages\telegram\_bot.py", line 4865, in get_updates
    await self._post(
  File "C:\Users\hp\AppData\Local\Programs\Python\Python311\Lib\site-packages\telegram\_bot.py", line 704, in _post
    return await self._do_post(
           ^^^^^^^^^^^^^^^^^^^^
  File "C:\Users\hp\AppData\Local\Programs\Python\Python311\Lib\site-packages\telegram\ext\_extbot.py", line 370, in _do_post
    return await super()._do_post(
           ^^^^^^^^^^^^^^^^^^^^^^^
  File "C:\Users\hp\AppData\Local\Programs\Python\Python311\Lib\site-packages\telegram\_bot.py", line 733, in _do_post
    result = await request.post(
             ^^^^^^^^^^^^^^^^^^^
  File "C:\Users\hp\AppData\Local\Programs\Python\Python311\Lib\site-packages\telegram\request\_baserequest.py", line 198, in post
    result = await self._request_wrapper(
             ^^^^^^^^^^^^^^^^^^^^^^^^^^^^
  File "C:\Users\hp\AppData\Local\Programs\Python\Python311\Lib\site-packages\telegram\request\_baserequest.py", line 375, in _request_wrapper
    raise exception
telegram.error.Conflict: Conflict: terminated by other getUpdates request; make sure that only one bot instance is running
2026-06-21 13:19:38 [httpx] INFO: HTTP Request: POST https://api.telegram.org/bot8711216541:AAF0lXqJmvUUf0Q8RGwqFN_BcE3uTVq76cs/getUpdates "HTTP/1.1 200 OK"
2026-06-21 13:19:48 [httpx] INFO: HTTP Request: POST https://api.telegram.org/bot8711216541:AAF0lXqJmvUUf0Q8RGwqFN_BcE3uTVq76cs/getUpdates "HTTP/1.1 200 OK"
2026-06-21 13:19:58 [httpx] INFO: HTTP Request: POST https://api.telegram.org/bot8711216541:AAF0lXqJmvUUf0Q8RGwqFN_BcE3uTVq76cs/getUpdates "HTTP/1.1 200 OK"
2026-06-21 13:20:01 [httpx] INFO: HTTP Request: POST https://api.telegram.org/bot8711216541:AAF0lXqJmvUUf0Q8RGwqFN_BcE3uTVq76cs/getUpdates "HTTP/1.1 409 Conflict"
2026-06-21 13:20:01 [telegram.ext.Application] ERROR: No error handlers are registered, logging exception.
Traceback (most recent call last):
  File "C:\Users\hp\AppData\Local\Programs\Python\Python311\Lib\site-packages\telegram\ext\_utils\networkloop.py", line 161, in network_retry_loop
    await do_action()
  File "C:\Users\hp\AppData\Local\Programs\Python\Python311\Lib\site-packages\telegram\ext\_utils\networkloop.py", line 154, in do_action
    action_cb_task.result()
  File "C:\Users\hp\AppData\Local\Programs\Python\Python311\Lib\site-packages\telegram\ext\_updater.py", line 340, in polling_action_cb
    updates = await self.bot.get_updates(
              ^^^^^^^^^^^^^^^^^^^^^^^^^^^
  File "C:\Users\hp\AppData\Local\Programs\Python\Python311\Lib\site-packages\telegram\ext\_extbot.py", line 672, in get_updates
    updates = await super().get_updates(
              ^^^^^^^^^^^^^^^^^^^^^^^^^^
  File "C:\Users\hp\AppData\Local\Programs\Python\Python311\Lib\site-packages\telegram\_bot.py", line 4865, in get_updates
    await self._post(
  File "C:\Users\hp\AppData\Local\Programs\Python\Python311\Lib\site-packages\telegram\_bot.py", line 704, in _post
    return await self._do_post(
           ^^^^^^^^^^^^^^^^^^^^
  File "C:\Users\hp\AppData\Local\Programs\Python\Python311\Lib\site-packages\telegram\ext\_extbot.py", line 370, in _do_post
    return await super()._do_post(
           ^^^^^^^^^^^^^^^^^^^^^^^
  File "C:\Users\hp\AppData\Local\Programs\Python\Python311\Lib\site-packages\telegram\_bot.py", line 733, in _do_post
    result = await request.post(
             ^^^^^^^^^^^^^^^^^^^
  File "C:\Users\hp\AppData\Local\Programs\Python\Python311\Lib\site-packages\telegram\request\_baserequest.py", line 198, in post
    result = await self._request_wrapper(
             ^^^^^^^^^^^^^^^^^^^^^^^^^^^^
  File "C:\Users\hp\AppData\Local\Programs\Python\Python311\Lib\site-packages\telegram\request\_baserequest.py", line 375, in _request_wrapper
    raise exception
telegram.error.Conflict: Conflict: terminated by other getUpdates request; make sure that only one bot instance is running
2026-06-21 13:20:12 [httpx] INFO: HTTP Request: POST https://api.telegram.org/bot8711216541:AAF0lXqJmvUUf0Q8RGwqFN_BcE3uTVq76cs/getUpdates "HTTP/1.1 200 OK"
2026-06-21 13:20:23 [httpx] INFO: HTTP Request: POST https://api.telegram.org/bot8711216541:AAF0lXqJmvUUf0Q8RGwqFN_BcE3uTVq76cs/getUpdates "HTTP/1.1 200 OK"
2026-06-21 13:20:33 [httpx] INFO: HTTP Request: POST https://api.telegram.org/bot8711216541:AAF0lXqJmvUUf0Q8RGwqFN_BcE3uTVq76cs/getUpdates "HTTP/1.1 200 OK"
2026-06-21 14:28:47 [Orchestrator] INFO: Starting Black Essence Orchestrator...
2026-06-21 14:28:48 [bot.telegram_bot] INFO: Telegram bot initialized
2026-06-21 14:28:48 [Orchestrator] INFO: Telegram bot polling thread started
2026-06-21 14:28:48 [apscheduler.scheduler] INFO: Adding job tentatively -- it will be properly scheduled when the scheduler starts
2026-06-21 14:28:48 [apscheduler.scheduler] INFO: Adding job tentatively -- it will be properly scheduled when the scheduler starts
2026-06-21 14:28:48 [apscheduler.scheduler] INFO: Adding job tentatively -- it will be properly scheduled when the scheduler starts
2026-06-21 14:28:48 [apscheduler.scheduler] INFO: Added job "Orchestrator._run_async" to job store "default"
2026-06-21 14:28:48 [apscheduler.scheduler] INFO: Added job "Orchestrator._run_async" to job store "default"
2026-06-21 14:28:48 [apscheduler.scheduler] INFO: Added job "Orchestrator._run_async" to job store "default"
2026-06-21 14:28:48 [apscheduler.scheduler] INFO: Scheduler started
2026-06-21 14:28:48 [Orchestrator] INFO: Scheduler started. Jobs: production at 10:00, 18:00 daily; optimization Sunday 08:00
2026-06-21 14:28:50 [bot.telegram_bot] INFO: Telegram bot polling started
2026-06-21 14:28:50 [httpx] INFO: HTTP Request: POST https://api.telegram.org/bot8711216541:AAF0lXqJmvUUf0Q8RGwqFN_BcE3uTVq76cs/getMe "HTTP/1.1 200 OK"
2026-06-21 14:28:51 [httpx] INFO: HTTP Request: POST https://api.telegram.org/bot8711216541:AAF0lXqJmvUUf0Q8RGwqFN_BcE3uTVq76cs/deleteWebhook "HTTP/1.1 200 OK"
2026-06-21 14:28:51 [apscheduler.scheduler] INFO: Scheduler started
2026-06-21 14:28:51 [telegram.ext.Application] INFO: Application started
2026-06-21 14:28:55 [httpx] INFO: HTTP Request: POST https://api.telegram.org/bot8711216541:AAF0lXqJmvUUf0Q8RGwqFN_BcE3uTVq76cs/getUpdates "HTTP/1.1 409 Conflict"
2026-06-21 14:28:55 [telegram.ext.Application] ERROR: No error handlers are registered, logging exception.
Traceback (most recent call last):
  File "C:\Users\hp\AppData\Local\Programs\Python\Python311\Lib\site-packages\telegram\ext\_utils\networkloop.py", line 161, in network_retry_loop
    await do_action()
  File "C:\Users\hp\AppData\Local\Programs\Python\Python311\Lib\site-packages\telegram\ext\_utils\networkloop.py", line 154, in do_action
    action_cb_task.result()
  File "C:\Users\hp\AppData\Local\Programs\Python\Python311\Lib\site-packages\telegram\ext\_updater.py", line 340, in polling_action_cb
    updates = await self.bot.get_updates(
              ^^^^^^^^^^^^^^^^^^^^^^^^^^^
  File "C:\Users\hp\AppData\Local\Programs\Python\Python311\Lib\site-packages\telegram\ext\_extbot.py", line 672, in get_updates
    updates = await super().get_updates(
              ^^^^^^^^^^^^^^^^^^^^^^^^^^
  File "C:\Users\hp\AppData\Local\Programs\Python\Python311\Lib\site-packages\telegram\_bot.py", line 4865, in get_updates
    await self._post(
  File "C:\Users\hp\AppData\Local\Programs\Python\Python311\Lib\site-packages\telegram\_bot.py", line 704, in _post
    return await self._do_post(
           ^^^^^^^^^^^^^^^^^^^^
  File "C:\Users\hp\AppData\Local\Programs\Python\Python311\Lib\site-packages\telegram\ext\_extbot.py", line 370, in _do_post
    return await super()._do_post(
           ^^^^^^^^^^^^^^^^^^^^^^^
  File "C:\Users\hp\AppData\Local\Programs\Python\Python311\Lib\site-packages\telegram\_bot.py", line 733, in _do_post
    result = await request.post(
             ^^^^^^^^^^^^^^^^^^^
  File "C:\Users\hp\AppData\Local\Programs\Python\Python311\Lib\site-packages\telegram\request\_baserequest.py", line 198, in post
    result = await self._request_wrapper(
             ^^^^^^^^^^^^^^^^^^^^^^^^^^^^
  File "C:\Users\hp\AppData\Local\Programs\Python\Python311\Lib\site-packages\telegram\request\_baserequest.py", line 375, in _request_wrapper
    raise exception
telegram.error.Conflict: Conflict: terminated by other getUpdates request; make sure that only one bot instance is running
2026-06-21 14:29:01 [httpx] INFO: HTTP Request: POST https://api.telegram.org/bot8711216541:AAF0lXqJmvUUf0Q8RGwqFN_BcE3uTVq76cs/getUpdates "HTTP/1.1 409 Conflict"
2026-06-21 14:29:01 [telegram.ext.Application] ERROR: No error handlers are registered, logging exception.
Traceback (most recent call last):
  File "C:\Users\hp\AppData\Local\Programs\Python\Python311\Lib\site-packages\telegram\ext\_utils\networkloop.py", line 161, in network_retry_loop
    await do_action()
  File "C:\Users\hp\AppData\Local\Programs\Python\Python311\Lib\site-packages\telegram\ext\_utils\networkloop.py", line 154, in do_action
    action_cb_task.result()
  File "C:\Users\hp\AppData\Local\Programs\Python\Python311\Lib\site-packages\telegram\ext\_updater.py", line 340, in polling_action_cb
    updates = await self.bot.get_updates(
              ^^^^^^^^^^^^^^^^^^^^^^^^^^^
  File "C:\Users\hp\AppData\Local\Programs\Python\Python311\Lib\site-packages\telegram\ext\_extbot.py", line 672, in get_updates
    updates = await super().get_updates(
              ^^^^^^^^^^^^^^^^^^^^^^^^^^
  File "C:\Users\hp\AppData\Local\Programs\Python\Python311\Lib\site-packages\telegram\_bot.py", line 4865, in get_updates
    await self._post(
  File "C:\Users\hp\AppData\Local\Programs\Python\Python311\Lib\site-packages\telegram\_bot.py", line 704, in _post
    return await self._do_post(
           ^^^^^^^^^^^^^^^^^^^^
  File "C:\Users\hp\AppData\Local\Programs\Python\Python311\Lib\site-packages\telegram\ext\_extbot.py", line 370, in _do_post
    return await super()._do_post(
           ^^^^^^^^^^^^^^^^^^^^^^^
  File "C:\Users\hp\AppData\Local\Programs\Python\Python311\Lib\site-packages\telegram\_bot.py", line 733, in _do_post
    result = await request.post(
             ^^^^^^^^^^^^^^^^^^^
  File "C:\Users\hp\AppData\Local\Programs\Python\Python311\Lib\site-packages\telegram\request\_baserequest.py", line 198, in post
    result = await self._request_wrapper(
             ^^^^^^^^^^^^^^^^^^^^^^^^^^^^
  File "C:\Users\hp\AppData\Local\Programs\Python\Python311\Lib\site-packages\telegram\request\_baserequest.py", line 375, in _request_wrapper
    raise exception
telegram.error.Conflict: Conflict: terminated by other getUpdates request; make sure that only one bot instance is running
2026-06-21 14:29:08 [httpx] INFO: HTTP Request: POST https://api.telegram.org/bot8711216541:AAF0lXqJmvUUf0Q8RGwqFN_BcE3uTVq76cs/getUpdates "HTTP/1.1 409 Conflict"
2026-06-21 14:29:08 [telegram.ext.Application] ERROR: No error handlers are registered, logging exception.
Traceback (most recent call last):
  File "C:\Users\hp\AppData\Local\Programs\Python\Python311\Lib\site-packages\telegram\ext\_utils\networkloop.py", line 161, in network_retry_loop
    await do_action()
  File "C:\Users\hp\AppData\Local\Programs\Python\Python311\Lib\site-packages\telegram\ext\_utils\networkloop.py", line 154, in do_action
    action_cb_task.result()
  File "C:\Users\hp\AppData\Local\Programs\Python\Python311\Lib\site-packages\telegram\ext\_updater.py", line 340, in polling_action_cb
    updates = await self.bot.get_updates(
              ^^^^^^^^^^^^^^^^^^^^^^^^^^^
  File "C:\Users\hp\AppData\Local\Programs\Python\Python311\Lib\site-packages\telegram\ext\_extbot.py", line 672, in get_updates
    updates = await super().get_updates(
              ^^^^^^^^^^^^^^^^^^^^^^^^^^
  File "C:\Users\hp\AppData\Local\Programs\Python\Python311\Lib\site-packages\telegram\_bot.py", line 4865, in get_updates
    await self._post(
  File "C:\Users\hp\AppData\Local\Programs\Python\Python311\Lib\site-packages\telegram\_bot.py", line 704, in _post
    return await self._do_post(
           ^^^^^^^^^^^^^^^^^^^^
  File "C:\Users\hp\AppData\Local\Programs\Python\Python311\Lib\site-packages\telegram\ext\_extbot.py", line 370, in _do_post
    return await super()._do_post(
           ^^^^^^^^^^^^^^^^^^^^^^^
  File "C:\Users\hp\AppData\Local\Programs\Python\Python311\Lib\site-packages\telegram\_bot.py", line 733, in _do_post
    result = await request.post(
             ^^^^^^^^^^^^^^^^^^^
  File "C:\Users\hp\AppData\Local\Programs\Python\Python311\Lib\site-packages\telegram\request\_baserequest.py", line 198, in post
    result = await self._request_wrapper(
             ^^^^^^^^^^^^^^^^^^^^^^^^^^^^
  File "C:\Users\hp\AppData\Local\Programs\Python\Python311\Lib\site-packages\telegram\request\_baserequest.py", line 375, in _request_wrapper
    raise exception
telegram.error.Conflict: Conflict: terminated by other getUpdates request; make sure that only one bot instance is running
2026-06-21 14:29:14 [httpx] INFO: HTTP Request: POST https://api.telegram.org/bot8711216541:AAF0lXqJmvUUf0Q8RGwqFN_BcE3uTVq76cs/getUpdates "HTTP/1.1 409 Conflict"
2026-06-21 14:29:14 [telegram.ext.Application] ERROR: No error handlers are registered, logging exception.
Traceback (most recent call last):
  File "C:\Users\hp\AppData\Local\Programs\Python\Python311\Lib\site-packages\telegram\ext\_utils\networkloop.py", line 161, in network_retry_loop
    await do_action()
  File "C:\Users\hp\AppData\Local\Programs\Python\Python311\Lib\site-packages\telegram\ext\_utils\networkloop.py", line 154, in do_action
    action_cb_task.result()
  File "C:\Users\hp\AppData\Local\Programs\Python\Python311\Lib\site-packages\telegram\ext\_updater.py", line 340, in polling_action_cb
    updates = await self.bot.get_updates(
              ^^^^^^^^^^^^^^^^^^^^^^^^^^^
  File "C:\Users\hp\AppData\Local\Programs\Python\Python311\Lib\site-packages\telegram\ext\_extbot.py", line 672, in get_updates
    updates = await super().get_updates(
              ^^^^^^^^^^^^^^^^^^^^^^^^^^
  File "C:\Users\hp\AppData\Local\Programs\Python\Python311\Lib\site-packages\telegram\_bot.py", line 4865, in get_updates
    await self._post(
  File "C:\Users\hp\AppData\Local\Programs\Python\Python311\Lib\site-packages\telegram\_bot.py", line 704, in _post
    return await self._do_post(
           ^^^^^^^^^^^^^^^^^^^^
  File "C:\Users\hp\AppData\Local\Programs\Python\Python311\Lib\site-packages\telegram\ext\_extbot.py", line 370, in _do_post
    return await super()._do_post(
           ^^^^^^^^^^^^^^^^^^^^^^^
  File "C:\Users\hp\AppData\Local\Programs\Python\Python311\Lib\site-packages\telegram\_bot.py", line 733, in _do_post
    result = await request.post(
             ^^^^^^^^^^^^^^^^^^^
  File "C:\Users\hp\AppData\Local\Programs\Python\Python311\Lib\site-packages\telegram\request\_baserequest.py", line 198, in post
    result = await self._request_wrapper(
             ^^^^^^^^^^^^^^^^^^^^^^^^^^^^
  File "C:\Users\hp\AppData\Local\Programs\Python\Python311\Lib\site-packages\telegram\request\_baserequest.py", line 375, in _request_wrapper
    raise exception
telegram.error.Conflict: Conflict: terminated by other getUpdates request; make sure that only one bot instance is running
2026-06-21 14:29:23 [httpx] INFO: HTTP Request: POST https://api.telegram.org/bot8711216541:AAF0lXqJmvUUf0Q8RGwqFN_BcE3uTVq76cs/getUpdates "HTTP/1.1 409 Conflict"
2026-06-21 14:29:23 [telegram.ext.Application] ERROR: No error handlers are registered, logging exception.
Traceback (most recent call last):
  File "C:\Users\hp\AppData\Local\Programs\Python\Python311\Lib\site-packages\telegram\ext\_utils\networkloop.py", line 161, in network_retry_loop
    await do_action()
  File "C:\Users\hp\AppData\Local\Programs\Python\Python311\Lib\site-packages\telegram\ext\_utils\networkloop.py", line 154, in do_action
    action_cb_task.result()
  File "C:\Users\hp\AppData\Local\Programs\Python\Python311\Lib\site-packages\telegram\ext\_updater.py", line 340, in polling_action_cb
    updates = await self.bot.get_updates(
              ^^^^^^^^^^^^^^^^^^^^^^^^^^^
  File "C:\Users\hp\AppData\Local\Programs\Python\Python311\Lib\site-packages\telegram\ext\_extbot.py", line 672, in get_updates
    updates = await super().get_updates(
              ^^^^^^^^^^^^^^^^^^^^^^^^^^
  File "C:\Users\hp\AppData\Local\Programs\Python\Python311\Lib\site-packages\telegram\_bot.py", line 4865, in get_updates
    await self._post(
  File "C:\Users\hp\AppData\Local\Programs\Python\Python311\Lib\site-packages\telegram\_bot.py", line 704, in _post
    return await self._do_post(
           ^^^^^^^^^^^^^^^^^^^^
  File "C:\Users\hp\AppData\Local\Programs\Python\Python311\Lib\site-packages\telegram\ext\_extbot.py", line 370, in _do_post
    return await super()._do_post(
           ^^^^^^^^^^^^^^^^^^^^^^^
  File "C:\Users\hp\AppData\Local\Programs\Python\Python311\Lib\site-packages\telegram\_bot.py", line 733, in _do_post
    result = await request.post(
             ^^^^^^^^^^^^^^^^^^^
  File "C:\Users\hp\AppData\Local\Programs\Python\Python311\Lib\site-packages\telegram\request\_baserequest.py", line 198, in post
    result = await self._request_wrapper(
             ^^^^^^^^^^^^^^^^^^^^^^^^^^^^
  File "C:\Users\hp\AppData\Local\Programs\Python\Python311\Lib\site-packages\telegram\request\_baserequest.py", line 375, in _request_wrapper
    raise exception
telegram.error.Conflict: Conflict: terminated by other getUpdates request; make sure that only one bot instance is running
2026-06-21 14:29:36 [httpx] INFO: HTTP Request: POST https://api.telegram.org/bot8711216541:AAF0lXqJmvUUf0Q8RGwqFN_BcE3uTVq76cs/getUpdates "HTTP/1.1 409 Conflict"
2026-06-21 14:29:36 [telegram.ext.Application] ERROR: No error handlers are registered, logging exception.
Traceback (most recent call last):
  File "C:\Users\hp\AppData\Local\Programs\Python\Python311\Lib\site-packages\telegram\ext\_utils\networkloop.py", line 161, in network_retry_loop
    await do_action()
  File "C:\Users\hp\AppData\Local\Programs\Python\Python311\Lib\site-packages\telegram\ext\_utils\networkloop.py", line 154, in do_action
    action_cb_task.result()
  File "C:\Users\hp\AppData\Local\Programs\Python\Python311\Lib\site-packages\telegram\ext\_updater.py", line 340, in polling_action_cb
    updates = await self.bot.get_updates(
              ^^^^^^^^^^^^^^^^^^^^^^^^^^^
  File "C:\Users\hp\AppData\Local\Programs\Python\Python311\Lib\site-packages\telegram\ext\_extbot.py", line 672, in get_updates
    updates = await super().get_updates(
              ^^^^^^^^^^^^^^^^^^^^^^^^^^
  File "C:\Users\hp\AppData\Local\Programs\Python\Python311\Lib\site-packages\telegram\_bot.py", line 4865, in get_updates
    await self._post(
  File "C:\Users\hp\AppData\Local\Programs\Python\Python311\Lib\site-packages\telegram\_bot.py", line 704, in _post
    return await self._do_post(
           ^^^^^^^^^^^^^^^^^^^^
  File "C:\Users\hp\AppData\Local\Programs\Python\Python311\Lib\site-packages\telegram\ext\_extbot.py", line 370, in _do_post
    return await super()._do_post(
           ^^^^^^^^^^^^^^^^^^^^^^^
  File "C:\Users\hp\AppData\Local\Programs\Python\Python311\Lib\site-packages\telegram\_bot.py", line 733, in _do_post
    result = await request.post(
             ^^^^^^^^^^^^^^^^^^^
  File "C:\Users\hp\AppData\Local\Programs\Python\Python311\Lib\site-packages\telegram\request\_baserequest.py", line 198, in post
    result = await self._request_wrapper(
             ^^^^^^^^^^^^^^^^^^^^^^^^^^^^
  File "C:\Users\hp\AppData\Local\Programs\Python\Python311\Lib\site-packages\telegram\request\_baserequest.py", line 375, in _request_wrapper
    raise exception
telegram.error.Conflict: Conflict: terminated by other getUpdates request; make sure that only one bot instance is running
2026-06-21 14:29:55 [httpx] INFO: HTTP Request: POST https://api.telegram.org/bot8711216541:AAF0lXqJmvUUf0Q8RGwqFN_BcE3uTVq76cs/getUpdates "HTTP/1.1 200 OK"
2026-06-21 14:29:56 [httpx] INFO: HTTP Request: POST https://api.telegram.org/bot8711216541:AAF0lXqJmvUUf0Q8RGwqFN_BcE3uTVq76cs/getUpdates "HTTP/1.1 409 Conflict"
2026-06-21 14:29:56 [telegram.ext.Application] ERROR: No error handlers are registered, logging exception.
Traceback (most recent call last):
  File "C:\Users\hp\AppData\Local\Programs\Python\Python311\Lib\site-packages\telegram\ext\_utils\networkloop.py", line 161, in network_retry_loop
    await do_action()
  File "C:\Users\hp\AppData\Local\Programs\Python\Python311\Lib\site-packages\telegram\ext\_utils\networkloop.py", line 154, in do_action
    action_cb_task.result()
  File "C:\Users\hp\AppData\Local\Programs\Python\Python311\Lib\site-packages\telegram\ext\_updater.py", line 340, in polling_action_cb
    updates = await self.bot.get_updates(
              ^^^^^^^^^^^^^^^^^^^^^^^^^^^
  File "C:\Users\hp\AppData\Local\Programs\Python\Python311\Lib\site-packages\telegram\ext\_extbot.py", line 672, in get_updates
    updates = await super().get_updates(
              ^^^^^^^^^^^^^^^^^^^^^^^^^^
  File "C:\Users\hp\AppData\Local\Programs\Python\Python311\Lib\site-packages\telegram\_bot.py", line 4865, in get_updates
    await self._post(
  File "C:\Users\hp\AppData\Local\Programs\Python\Python311\Lib\site-packages\telegram\_bot.py", line 704, in _post
    return await self._do_post(
           ^^^^^^^^^^^^^^^^^^^^
  File "C:\Users\hp\AppData\Local\Programs\Python\Python311\Lib\site-packages\telegram\ext\_extbot.py", line 370, in _do_post
    return await super()._do_post(
           ^^^^^^^^^^^^^^^^^^^^^^^
  File "C:\Users\hp\AppData\Local\Programs\Python\Python311\Lib\site-packages\telegram\_bot.py", line 733, in _do_post
    result = await request.post(
             ^^^^^^^^^^^^^^^^^^^
  File "C:\Users\hp\AppData\Local\Programs\Python\Python311\Lib\site-packages\telegram\request\_baserequest.py", line 198, in post
    result = await self._request_wrapper(
             ^^^^^^^^^^^^^^^^^^^^^^^^^^^^
  File "C:\Users\hp\AppData\Local\Programs\Python\Python311\Lib\site-packages\telegram\request\_baserequest.py", line 375, in _request_wrapper
    raise exception
telegram.error.Conflict: Conflict: terminated by other getUpdates request; make sure that only one bot instance is running
2026-06-21 14:30:07 [httpx] INFO: HTTP Request: POST https://api.telegram.org/bot8711216541:AAF0lXqJmvUUf0Q8RGwqFN_BcE3uTVq76cs/getUpdates "HTTP/1.1 200 OK"
2026-06-21 14:30:17 [httpx] INFO: HTTP Request: POST https://api.telegram.org/bot8711216541:AAF0lXqJmvUUf0Q8RGwqFN_BcE3uTVq76cs/getUpdates "HTTP/1.1 409 Conflict"
2026-06-21 14:30:17 [telegram.ext.Application] ERROR: No error handlers are registered, logging exception.
Traceback (most recent call last):
  File "C:\Users\hp\AppData\Local\Programs\Python\Python311\Lib\site-packages\telegram\ext\_utils\networkloop.py", line 161, in network_retry_loop
    await do_action()
  File "C:\Users\hp\AppData\Local\Programs\Python\Python311\Lib\site-packages\telegram\ext\_utils\networkloop.py", line 154, in do_action
    action_cb_task.result()
  File "C:\Users\hp\AppData\Local\Programs\Python\Python311\Lib\site-packages\telegram\ext\_updater.py", line 340, in polling_action_cb
    updates = await self.bot.get_updates(
              ^^^^^^^^^^^^^^^^^^^^^^^^^^^
  File "C:\Users\hp\AppData\Local\Programs\Python\Python311\Lib\site-packages\telegram\ext\_extbot.py", line 672, in get_updates
    updates = await super().get_updates(
              ^^^^^^^^^^^^^^^^^^^^^^^^^^
  File "C:\Users\hp\AppData\Local\Programs\Python\Python311\Lib\site-packages\telegram\_bot.py", line 4865, in get_updates
    await self._post(
  File "C:\Users\hp\AppData\Local\Programs\Python\Python311\Lib\site-packages\telegram\_bot.py", line 704, in _post
    return await self._do_post(
           ^^^^^^^^^^^^^^^^^^^^
  File "C:\Users\hp\AppData\Local\Programs\Python\Python311\Lib\site-packages\telegram\ext\_extbot.py", line 370, in _do_post
    return await super()._do_post(
           ^^^^^^^^^^^^^^^^^^^^^^^
  File "C:\Users\hp\AppData\Local\Programs\Python\Python311\Lib\site-packages\telegram\_bot.py", line 733, in _do_post
    result = await request.post(
             ^^^^^^^^^^^^^^^^^^^
  File "C:\Users\hp\AppData\Local\Programs\Python\Python311\Lib\site-packages\telegram\request\_baserequest.py", line 198, in post
    result = await self._request_wrapper(
             ^^^^^^^^^^^^^^^^^^^^^^^^^^^^
  File "C:\Users\hp\AppData\Local\Programs\Python\Python311\Lib\site-packages\telegram\request\_baserequest.py", line 375, in _request_wrapper
    raise exception
telegram.error.Conflict: Conflict: terminated by other getUpdates request; make sure that only one bot instance is running
2026-06-21 14:30:29 [httpx] INFO: HTTP Request: POST https://api.telegram.org/bot8711216541:AAF0lXqJmvUUf0Q8RGwqFN_BcE3uTVq76cs/getUpdates "HTTP/1.1 200 OK"
2026-06-21 14:30:40 [httpx] INFO: HTTP Request: POST https://api.telegram.org/bot8711216541:AAF0lXqJmvUUf0Q8RGwqFN_BcE3uTVq76cs/getUpdates "HTTP/1.1 200 OK"
2026-06-21 14:30:47 [httpx] INFO: HTTP Request: POST https://api.telegram.org/bot8711216541:AAF0lXqJmvUUf0Q8RGwqFN_BcE3uTVq76cs/getUpdates "HTTP/1.1 409 Conflict"
2026-06-21 14:30:47 [telegram.ext.Application] ERROR: No error handlers are registered, logging exception.
Traceback (most recent call last):
  File "C:\Users\hp\AppData\Local\Programs\Python\Python311\Lib\site-packages\telegram\ext\_utils\networkloop.py", line 161, in network_retry_loop
    await do_action()
  File "C:\Users\hp\AppData\Local\Programs\Python\Python311\Lib\site-packages\telegram\ext\_utils\networkloop.py", line 154, in do_action
    action_cb_task.result()
  File "C:\Users\hp\AppData\Local\Programs\Python\Python311\Lib\site-packages\telegram\ext\_updater.py", line 340, in polling_action_cb
    updates = await self.bot.get_updates(
              ^^^^^^^^^^^^^^^^^^^^^^^^^^^
  File "C:\Users\hp\AppData\Local\Programs\Python\Python311\Lib\site-packages\telegram\ext\_extbot.py", line 672, in get_updates
    updates = await super().get_updates(
              ^^^^^^^^^^^^^^^^^^^^^^^^^^
  File "C:\Users\hp\AppData\Local\Programs\Python\Python311\Lib\site-packages\telegram\_bot.py", line 4865, in get_updates
    await self._post(
  File "C:\Users\hp\AppData\Local\Programs\Python\Python311\Lib\site-packages\telegram\_bot.py", line 704, in _post
    return await self._do_post(
           ^^^^^^^^^^^^^^^^^^^^
  File "C:\Users\hp\AppData\Local\Programs\Python\Python311\Lib\site-packages\telegram\ext\_extbot.py", line 370, in _do_post
    return await super()._do_post(
           ^^^^^^^^^^^^^^^^^^^^^^^
  File "C:\Users\hp\AppData\Local\Programs\Python\Python311\Lib\site-packages\telegram\_bot.py", line 733, in _do_post
    result = await request.post(
             ^^^^^^^^^^^^^^^^^^^
  File "C:\Users\hp\AppData\Local\Programs\Python\Python311\Lib\site-packages\telegram\request\_baserequest.py", line 198, in post
    result = await self._request_wrapper(
             ^^^^^^^^^^^^^^^^^^^^^^^^^^^^
  File "C:\Users\hp\AppData\Local\Programs\Python\Python311\Lib\site-packages\telegram\request\_baserequest.py", line 375, in _request_wrapper
    raise exception
telegram.error.Conflict: Conflict: terminated by other getUpdates request; make sure that only one bot instance is running
2026-06-21 14:30:59 [httpx] INFO: HTTP Request: POST https://api.telegram.org/bot8711216541:AAF0lXqJmvUUf0Q8RGwqFN_BcE3uTVq76cs/getUpdates "HTTP/1.1 200 OK"
2026-06-21 14:31:09 [httpx] INFO: HTTP Request: POST https://api.telegram.org/bot8711216541:AAF0lXqJmvUUf0Q8RGwqFN_BcE3uTVq76cs/getUpdates "HTTP/1.1 200 OK"
2026-06-21 14:31:19 [httpx] INFO: HTTP Request: POST https://api.telegram.org/bot8711216541:AAF0lXqJmvUUf0Q8RGwqFN_BcE3uTVq76cs/getUpdates "HTTP/1.1 200 OK"
2026-06-21 14:31:22 [httpx] INFO: HTTP Request: POST https://api.telegram.org/bot8711216541:AAF0lXqJmvUUf0Q8RGwqFN_BcE3uTVq76cs/getUpdates "HTTP/1.1 409 Conflict"
2026-06-21 14:31:22 [telegram.ext.Application] ERROR: No error handlers are registered, logging exception.
Traceback (most recent call last):
  File "C:\Users\hp\AppData\Local\Programs\Python\Python311\Lib\site-packages\telegram\ext\_utils\networkloop.py", line 161, in network_retry_loop
    await do_action()
  File "C:\Users\hp\AppData\Local\Programs\Python\Python311\Lib\site-packages\telegram\ext\_utils\networkloop.py", line 154, in do_action
    action_cb_task.result()
  File "C:\Users\hp\AppData\Local\Programs\Python\Python311\Lib\site-packages\telegram\ext\_updater.py", line 340, in polling_action_cb
    updates = await self.bot.get_updates(
              ^^^^^^^^^^^^^^^^^^^^^^^^^^^
  File "C:\Users\hp\AppData\Local\Programs\Python\Python311\Lib\site-packages\telegram\ext\_extbot.py", line 672, in get_updates
    updates = await super().get_updates(
              ^^^^^^^^^^^^^^^^^^^^^^^^^^
  File "C:\Users\hp\AppData\Local\Programs\Python\Python311\Lib\site-packages\telegram\_bot.py", line 4865, in get_updates
    await self._post(
  File "C:\Users\hp\AppData\Local\Programs\Python\Python311\Lib\site-packages\telegram\_bot.py", line 704, in _post
    return await self._do_post(
           ^^^^^^^^^^^^^^^^^^^^
  File "C:\Users\hp\AppData\Local\Programs\Python\Python311\Lib\site-packages\telegram\ext\_extbot.py", line 370, in _do_post
    return await super()._do_post(
           ^^^^^^^^^^^^^^^^^^^^^^^
  File "C:\Users\hp\AppData\Local\Programs\Python\Python311\Lib\site-packages\telegram\_bot.py", line 733, in _do_post
    result = await request.post(
             ^^^^^^^^^^^^^^^^^^^
  File "C:\Users\hp\AppData\Local\Programs\Python\Python311\Lib\site-packages\telegram\request\_baserequest.py", line 198, in post
    result = await self._request_wrapper(
             ^^^^^^^^^^^^^^^^^^^^^^^^^^^^
  File "C:\Users\hp\AppData\Local\Programs\Python\Python311\Lib\site-packages\telegram\request\_baserequest.py", line 375, in _request_wrapper
    raise exception
telegram.error.Conflict: Conflict: terminated by other getUpdates request; make sure that only one bot instance is running
2026-06-21 14:31:33 [httpx] INFO: HTTP Request: POST https://api.telegram.org/bot8711216541:AAF0lXqJmvUUf0Q8RGwqFN_BcE3uTVq76cs/getUpdates "HTTP/1.1 200 OK"
2026-06-21 14:31:43 [httpx] INFO: HTTP Request: POST https://api.telegram.org/bot8711216541:AAF0lXqJmvUUf0Q8RGwqFN_BcE3uTVq76cs/getUpdates "HTTP/1.1 200 OK"
2026-06-21 14:31:54 [httpx] INFO: HTTP Request: POST https://api.telegram.org/bot8711216541:AAF0lXqJmvUUf0Q8RGwqFN_BcE3uTVq76cs/getUpdates "HTTP/1.1 200 OK"
2026-06-21 14:31:56 [httpx] INFO: HTTP Request: POST https://api.telegram.org/bot8711216541:AAF0lXqJmvUUf0Q8RGwqFN_BcE3uTVq76cs/getUpdates "HTTP/1.1 409 Conflict"
2026-06-21 14:31:56 [telegram.ext.Application] ERROR: No error handlers are registered, logging exception.
Traceback (most recent call last):
  File "C:\Users\hp\AppData\Local\Programs\Python\Python311\Lib\site-packages\telegram\ext\_utils\networkloop.py", line 161, in network_retry_loop
    await do_action()
  File "C:\Users\hp\AppData\Local\Programs\Python\Python311\Lib\site-packages\telegram\ext\_utils\networkloop.py", line 154, in do_action
    action_cb_task.result()
  File "C:\Users\hp\AppData\Local\Programs\Python\Python311\Lib\site-packages\telegram\ext\_updater.py", line 340, in polling_action_cb
    updates = await self.bot.get_updates(
              ^^^^^^^^^^^^^^^^^^^^^^^^^^^
  File "C:\Users\hp\AppData\Local\Programs\Python\Python311\Lib\site-packages\telegram\ext\_extbot.py", line 672, in get_updates
    updates = await super().get_updates(
              ^^^^^^^^^^^^^^^^^^^^^^^^^^
  File "C:\Users\hp\AppData\Local\Programs\Python\Python311\Lib\site-packages\telegram\_bot.py", line 4865, in get_updates
    await self._post(
  File "C:\Users\hp\AppData\Local\Programs\Python\Python311\Lib\site-packages\telegram\_bot.py", line 704, in _post
    return await self._do_post(
           ^^^^^^^^^^^^^^^^^^^^
  File "C:\Users\hp\AppData\Local\Programs\Python\Python311\Lib\site-packages\telegram\ext\_extbot.py", line 370, in _do_post
    return await super()._do_post(
           ^^^^^^^^^^^^^^^^^^^^^^^
  File "C:\Users\hp\AppData\Local\Programs\Python\Python311\Lib\site-packages\telegram\_bot.py", line 733, in _do_post
    result = await request.post(
             ^^^^^^^^^^^^^^^^^^^
  File "C:\Users\hp\AppData\Local\Programs\Python\Python311\Lib\site-packages\telegram\request\_baserequest.py", line 198, in post
    result = await self._request_wrapper(
             ^^^^^^^^^^^^^^^^^^^^^^^^^^^^
  File "C:\Users\hp\AppData\Local\Programs\Python\Python311\Lib\site-packages\telegram\request\_baserequest.py", line 375, in _request_wrapper
    raise exception
telegram.error.Conflict: Conflict: terminated by other getUpdates request; make sure that only one bot instance is running
2026-06-21 14:32:07 [httpx] INFO: HTTP Request: POST https://api.telegram.org/bot8711216541:AAF0lXqJmvUUf0Q8RGwqFN_BcE3uTVq76cs/getUpdates "HTTP/1.1 200 OK"
2026-06-21 14:32:18 [httpx] INFO: HTTP Request: POST https://api.telegram.org/bot8711216541:AAF0lXqJmvUUf0Q8RGwqFN_BcE3uTVq76cs/getUpdates "HTTP/1.1 200 OK"
2026-06-21 14:32:28 [httpx] INFO: HTTP Request: POST https://api.telegram.org/bot8711216541:AAF0lXqJmvUUf0Q8RGwqFN_BcE3uTVq76cs/getUpdates "HTTP/1.1 200 OK"
2026-06-21 14:32:30 [httpx] INFO: HTTP Request: POST https://api.telegram.org/bot8711216541:AAF0lXqJmvUUf0Q8RGwqFN_BcE3uTVq76cs/getUpdates "HTTP/1.1 409 Conflict"
2026-06-21 14:32:30 [telegram.ext.Application] ERROR: No error handlers are registered, logging exception.
Traceback (most recent call last):
  File "C:\Users\hp\AppData\Local\Programs\Python\Python311\Lib\site-packages\telegram\ext\_utils\networkloop.py", line 161, in network_retry_loop
    await do_action()
  File "C:\Users\hp\AppData\Local\Programs\Python\Python311\Lib\site-packages\telegram\ext\_utils\networkloop.py", line 154, in do_action
    action_cb_task.result()
  File "C:\Users\hp\AppData\Local\Programs\Python\Python311\Lib\site-packages\telegram\ext\_updater.py", line 340, in polling_action_cb
    updates = await self.bot.get_updates(
              ^^^^^^^^^^^^^^^^^^^^^^^^^^^
  File "C:\Users\hp\AppData\Local\Programs\Python\Python311\Lib\site-packages\telegram\ext\_extbot.py", line 672, in get_updates
    updates = await super().get_updates(
              ^^^^^^^^^^^^^^^^^^^^^^^^^^
  File "C:\Users\hp\AppData\Local\Programs\Python\Python311\Lib\site-packages\telegram\_bot.py", line 4865, in get_updates
    await self._post(
  File "C:\Users\hp\AppData\Local\Programs\Python\Python311\Lib\site-packages\telegram\_bot.py", line 704, in _post
    return await self._do_post(
           ^^^^^^^^^^^^^^^^^^^^
  File "C:\Users\hp\AppData\Local\Programs\Python\Python311\Lib\site-packages\telegram\ext\_extbot.py", line 370, in _do_post
    return await super()._do_post(
           ^^^^^^^^^^^^^^^^^^^^^^^
  File "C:\Users\hp\AppData\Local\Programs\Python\Python311\Lib\site-packages\telegram\_bot.py", line 733, in _do_post
    result = await request.post(
             ^^^^^^^^^^^^^^^^^^^
  File "C:\Users\hp\AppData\Local\Programs\Python\Python311\Lib\site-packages\telegram\request\_baserequest.py", line 198, in post
    result = await self._request_wrapper(
             ^^^^^^^^^^^^^^^^^^^^^^^^^^^^
  File "C:\Users\hp\AppData\Local\Programs\Python\Python311\Lib\site-packages\telegram\request\_baserequest.py", line 375, in _request_wrapper
    raise exception
telegram.error.Conflict: Conflict: terminated by other getUpdates request; make sure that only one bot instance is running
2026-06-21 14:32:42 [httpx] INFO: HTTP Request: POST https://api.telegram.org/bot8711216541:AAF0lXqJmvUUf0Q8RGwqFN_BcE3uTVq76cs/getUpdates "HTTP/1.1 200 OK"
2026-06-21 14:32:52 [httpx] INFO: HTTP Request: POST https://api.telegram.org/bot8711216541:AAF0lXqJmvUUf0Q8RGwqFN_BcE3uTVq76cs/getUpdates "HTTP/1.1 200 OK"
2026-06-21 14:33:02 [httpx] INFO: HTTP Request: POST https://api.telegram.org/bot8711216541:AAF0lXqJmvUUf0Q8RGwqFN_BcE3uTVq76cs/getUpdates "HTTP/1.1 200 OK"
2026-06-21 14:33:05 [httpx] INFO: HTTP Request: POST https://api.telegram.org/bot8711216541:AAF0lXqJmvUUf0Q8RGwqFN_BcE3uTVq76cs/getUpdates "HTTP/1.1 409 Conflict"
2026-06-21 14:33:05 [telegram.ext.Application] ERROR: No error handlers are registered, logging exception.
Traceback (most recent call last):
  File "C:\Users\hp\AppData\Local\Programs\Python\Python311\Lib\site-packages\telegram\ext\_utils\networkloop.py", line 161, in network_retry_loop
    await do_action()
  File "C:\Users\hp\AppData\Local\Programs\Python\Python311\Lib\site-packages\telegram\ext\_utils\networkloop.py", line 154, in do_action
    action_cb_task.result()
  File "C:\Users\hp\AppData\Local\Programs\Python\Python311\Lib\site-packages\telegram\ext\_updater.py", line 340, in polling_action_cb
    updates = await self.bot.get_updates(
              ^^^^^^^^^^^^^^^^^^^^^^^^^^^
  File "C:\Users\hp\AppData\Local\Programs\Python\Python311\Lib\site-packages\telegram\ext\_extbot.py", line 672, in get_updates
    updates = await super().get_updates(
              ^^^^^^^^^^^^^^^^^^^^^^^^^^
  File "C:\Users\hp\AppData\Local\Programs\Python\Python311\Lib\site-packages\telegram\_bot.py", line 4865, in get_updates
    await self._post(
  File "C:\Users\hp\AppData\Local\Programs\Python\Python311\Lib\site-packages\telegram\_bot.py", line 704, in _post
    return await self._do_post(
           ^^^^^^^^^^^^^^^^^^^^
  File "C:\Users\hp\AppData\Local\Programs\Python\Python311\Lib\site-packages\telegram\ext\_extbot.py", line 370, in _do_post
    return await super()._do_post(
           ^^^^^^^^^^^^^^^^^^^^^^^
  File "C:\Users\hp\AppData\Local\Programs\Python\Python311\Lib\site-packages\telegram\_bot.py", line 733, in _do_post
    result = await request.post(
             ^^^^^^^^^^^^^^^^^^^
  File "C:\Users\hp\AppData\Local\Programs\Python\Python311\Lib\site-packages\telegram\request\_baserequest.py", line 198, in post
    result = await self._request_wrapper(
             ^^^^^^^^^^^^^^^^^^^^^^^^^^^^
  File "C:\Users\hp\AppData\Local\Programs\Python\Python311\Lib\site-packages\telegram\request\_baserequest.py", line 375, in _request_wrapper
    raise exception
telegram.error.Conflict: Conflict: terminated by other getUpdates request; make sure that only one bot instance is running
2026-06-21 14:33:16 [httpx] INFO: HTTP Request: POST https://api.telegram.org/bot8711216541:AAF0lXqJmvUUf0Q8RGwqFN_BcE3uTVq76cs/getUpdates "HTTP/1.1 200 OK"
2026-06-21 14:33:26 [httpx] INFO: HTTP Request: POST https://api.telegram.org/bot8711216541:AAF0lXqJmvUUf0Q8RGwqFN_BcE3uTVq76cs/getUpdates "HTTP/1.1 200 OK"
2026-06-21 14:33:37 [httpx] INFO: HTTP Request: POST https://api.telegram.org/bot8711216541:AAF0lXqJmvUUf0Q8RGwqFN_BcE3uTVq76cs/getUpdates "HTTP/1.1 200 OK"
2026-06-21 14:33:39 [httpx] INFO: HTTP Request: POST https://api.telegram.org/bot8711216541:AAF0lXqJmvUUf0Q8RGwqFN_BcE3uTVq76cs/getUpdates "HTTP/1.1 409 Conflict"
2026-06-21 14:33:39 [telegram.ext.Application] ERROR: No error handlers are registered, logging exception.
Traceback (most recent call last):
  File "C:\Users\hp\AppData\Local\Programs\Python\Python311\Lib\site-packages\telegram\ext\_utils\networkloop.py", line 161, in network_retry_loop
    await do_action()
  File "C:\Users\hp\AppData\Local\Programs\Python\Python311\Lib\site-packages\telegram\ext\_utils\networkloop.py", line 154, in do_action
    action_cb_task.result()
  File "C:\Users\hp\AppData\Local\Programs\Python\Python311\Lib\site-packages\telegram\ext\_updater.py", line 340, in polling_action_cb
    updates = await self.bot.get_updates(
              ^^^^^^^^^^^^^^^^^^^^^^^^^^^
  File "C:\Users\hp\AppData\Local\Programs\Python\Python311\Lib\site-packages\telegram\ext\_extbot.py", line 672, in get_updates
    updates = await super().get_updates(
              ^^^^^^^^^^^^^^^^^^^^^^^^^^
  File "C:\Users\hp\AppData\Local\Programs\Python\Python311\Lib\site-packages\telegram\_bot.py", line 4865, in get_updates
    await self._post(
  File "C:\Users\hp\AppData\Local\Programs\Python\Python311\Lib\site-packages\telegram\_bot.py", line 704, in _post
    return await self._do_post(
           ^^^^^^^^^^^^^^^^^^^^
  File "C:\Users\hp\AppData\Local\Programs\Python\Python311\Lib\site-packages\telegram\ext\_extbot.py", line 370, in _do_post
    return await super()._do_post(
           ^^^^^^^^^^^^^^^^^^^^^^^
  File "C:\Users\hp\AppData\Local\Programs\Python\Python311\Lib\site-packages\telegram\_bot.py", line 733, in _do_post
    result = await request.post(
             ^^^^^^^^^^^^^^^^^^^
  File "C:\Users\hp\AppData\Local\Programs\Python\Python311\Lib\site-packages\telegram\request\_baserequest.py", line 198, in post
    result = await self._request_wrapper(
             ^^^^^^^^^^^^^^^^^^^^^^^^^^^^
  File "C:\Users\hp\AppData\Local\Programs\Python\Python311\Lib\site-packages\telegram\request\_baserequest.py", line 375, in _request_wrapper
    raise exception
telegram.error.Conflict: Conflict: terminated by other getUpdates request; make sure that only one bot instance is running
2026-06-21 14:33:50 [httpx] INFO: HTTP Request: POST https://api.telegram.org/bot8711216541:AAF0lXqJmvUUf0Q8RGwqFN_BcE3uTVq76cs/getUpdates "HTTP/1.1 200 OK"
2026-06-21 14:34:01 [httpx] INFO: HTTP Request: POST https://api.telegram.org/bot8711216541:AAF0lXqJmvUUf0Q8RGwqFN_BcE3uTVq76cs/getUpdates "HTTP/1.1 200 OK"
2026-06-21 14:34:11 [httpx] INFO: HTTP Request: POST https://api.telegram.org/bot8711216541:AAF0lXqJmvUUf0Q8RGwqFN_BcE3uTVq76cs/getUpdates "HTTP/1.1 200 OK"
2026-06-21 14:34:14 [httpx] INFO: HTTP Request: POST https://api.telegram.org/bot8711216541:AAF0lXqJmvUUf0Q8RGwqFN_BcE3uTVq76cs/getUpdates "HTTP/1.1 409 Conflict"
2026-06-21 14:34:14 [telegram.ext.Application] ERROR: No error handlers are registered, logging exception.
Traceback (most recent call last):
  File "C:\Users\hp\AppData\Local\Programs\Python\Python311\Lib\site-packages\telegram\ext\_utils\networkloop.py", line 161, in network_retry_loop
    await do_action()
  File "C:\Users\hp\AppData\Local\Programs\Python\Python311\Lib\site-packages\telegram\ext\_utils\networkloop.py", line 154, in do_action
    action_cb_task.result()
  File "C:\Users\hp\AppData\Local\Programs\Python\Python311\Lib\site-packages\telegram\ext\_updater.py", line 340, in polling_action_cb
    updates = await self.bot.get_updates(
              ^^^^^^^^^^^^^^^^^^^^^^^^^^^
  File "C:\Users\hp\AppData\Local\Programs\Python\Python311\Lib\site-packages\telegram\ext\_extbot.py", line 672, in get_updates
    updates = await super().get_updates(
              ^^^^^^^^^^^^^^^^^^^^^^^^^^
  File "C:\Users\hp\AppData\Local\Programs\Python\Python311\Lib\site-packages\telegram\_bot.py", line 4865, in get_updates
    await self._post(
  File "C:\Users\hp\AppData\Local\Programs\Python\Python311\Lib\site-packages\telegram\_bot.py", line 704, in _post
    return await self._do_post(
           ^^^^^^^^^^^^^^^^^^^^
  File "C:\Users\hp\AppData\Local\Programs\Python\Python311\Lib\site-packages\telegram\ext\_extbot.py", line 370, in _do_post
    return await super()._do_post(
           ^^^^^^^^^^^^^^^^^^^^^^^
  File "C:\Users\hp\AppData\Local\Programs\Python\Python311\Lib\site-packages\telegram\_bot.py", line 733, in _do_post
    result = await request.post(
             ^^^^^^^^^^^^^^^^^^^
  File "C:\Users\hp\AppData\Local\Programs\Python\Python311\Lib\site-packages\telegram\request\_baserequest.py", line 198, in post
    result = await self._request_wrapper(
             ^^^^^^^^^^^^^^^^^^^^^^^^^^^^
  File "C:\Users\hp\AppData\Local\Programs\Python\Python311\Lib\site-packages\telegram\request\_baserequest.py", line 375, in _request_wrapper
    raise exception
telegram.error.Conflict: Conflict: terminated by other getUpdates request; make sure that only one bot instance is running
2026-06-21 14:34:25 [httpx] INFO: HTTP Request: POST https://api.telegram.org/bot8711216541:AAF0lXqJmvUUf0Q8RGwqFN_BcE3uTVq76cs/getUpdates "HTTP/1.1 200 OK"
2026-06-21 14:34:35 [httpx] INFO: HTTP Request: POST https://api.telegram.org/bot8711216541:AAF0lXqJmvUUf0Q8RGwqFN_BcE3uTVq76cs/getUpdates "HTTP/1.1 200 OK"
2026-06-21 14:34:45 [httpx] INFO: HTTP Request: POST https://api.telegram.org/bot8711216541:AAF0lXqJmvUUf0Q8RGwqFN_BcE3uTVq76cs/getUpdates "HTTP/1.1 200 OK"
2026-06-21 14:34:48 [httpx] INFO: HTTP Request: POST https://api.telegram.org/bot8711216541:AAF0lXqJmvUUf0Q8RGwqFN_BcE3uTVq76cs/getUpdates "HTTP/1.1 409 Conflict"
2026-06-21 14:34:48 [telegram.ext.Application] ERROR: No error handlers are registered, logging exception.
Traceback (most recent call last):
  File "C:\Users\hp\AppData\Local\Programs\Python\Python311\Lib\site-packages\telegram\ext\_utils\networkloop.py", line 161, in network_retry_loop
    await do_action()
  File "C:\Users\hp\AppData\Local\Programs\Python\Python311\Lib\site-packages\telegram\ext\_utils\networkloop.py", line 154, in do_action
    action_cb_task.result()
  File "C:\Users\hp\AppData\Local\Programs\Python\Python311\Lib\site-packages\telegram\ext\_updater.py", line 340, in polling_action_cb
    updates = await self.bot.get_updates(
              ^^^^^^^^^^^^^^^^^^^^^^^^^^^
  File "C:\Users\hp\AppData\Local\Programs\Python\Python311\Lib\site-packages\telegram\ext\_extbot.py", line 672, in get_updates
    updates = await super().get_updates(
              ^^^^^^^^^^^^^^^^^^^^^^^^^^
  File "C:\Users\hp\AppData\Local\Programs\Python\Python311\Lib\site-packages\telegram\_bot.py", line 4865, in get_updates
    await self._post(
  File "C:\Users\hp\AppData\Local\Programs\Python\Python311\Lib\site-packages\telegram\_bot.py", line 704, in _post
    return await self._do_post(
           ^^^^^^^^^^^^^^^^^^^^
  File "C:\Users\hp\AppData\Local\Programs\Python\Python311\Lib\site-packages\telegram\ext\_extbot.py", line 370, in _do_post
    return await super()._do_post(
           ^^^^^^^^^^^^^^^^^^^^^^^
  File "C:\Users\hp\AppData\Local\Programs\Python\Python311\Lib\site-packages\telegram\_bot.py", line 733, in _do_post
    result = await request.post(
             ^^^^^^^^^^^^^^^^^^^
  File "C:\Users\hp\AppData\Local\Programs\Python\Python311\Lib\site-packages\telegram\request\_baserequest.py", line 198, in post
    result = await self._request_wrapper(
             ^^^^^^^^^^^^^^^^^^^^^^^^^^^^
  File "C:\Users\hp\AppData\Local\Programs\Python\Python311\Lib\site-packages\telegram\request\_baserequest.py", line 375, in _request_wrapper
    raise exception
telegram.error.Conflict: Conflict: terminated by other getUpdates request; make sure that only one bot instance is running
2026-06-21 14:34:59 [httpx] INFO: HTTP Request: POST https://api.telegram.org/bot8711216541:AAF0lXqJmvUUf0Q8RGwqFN_BcE3uTVq76cs/getUpdates "HTTP/1.1 200 OK"
2026-06-21 14:35:09 [httpx] INFO: HTTP Request: POST https://api.telegram.org/bot8711216541:AAF0lXqJmvUUf0Q8RGwqFN_BcE3uTVq76cs/getUpdates "HTTP/1.1 200 OK"
2026-06-21 14:35:20 [httpx] INFO: HTTP Request: POST https://api.telegram.org/bot8711216541:AAF0lXqJmvUUf0Q8RGwqFN_BcE3uTVq76cs/getUpdates "HTTP/1.1 200 OK"
2026-06-21 14:35:22 [httpx] INFO: HTTP Request: POST https://api.telegram.org/bot8711216541:AAF0lXqJmvUUf0Q8RGwqFN_BcE3uTVq76cs/getUpdates "HTTP/1.1 409 Conflict"
2026-06-21 14:35:22 [telegram.ext.Application] ERROR: No error handlers are registered, logging exception.
Traceback (most recent call last):
  File "C:\Users\hp\AppData\Local\Programs\Python\Python311\Lib\site-packages\telegram\ext\_utils\networkloop.py", line 161, in network_retry_loop
    await do_action()
  File "C:\Users\hp\AppData\Local\Programs\Python\Python311\Lib\site-packages\telegram\ext\_utils\networkloop.py", line 154, in do_action
    action_cb_task.result()
  File "C:\Users\hp\AppData\Local\Programs\Python\Python311\Lib\site-packages\telegram\ext\_updater.py", line 340, in polling_action_cb
    updates = await self.bot.get_updates(
              ^^^^^^^^^^^^^^^^^^^^^^^^^^^
  File "C:\Users\hp\AppData\Local\Programs\Python\Python311\Lib\site-packages\telegram\ext\_extbot.py", line 672, in get_updates
    updates = await super().get_updates(
              ^^^^^^^^^^^^^^^^^^^^^^^^^^
  File "C:\Users\hp\AppData\Local\Programs\Python\Python311\Lib\site-packages\telegram\_bot.py", line 4865, in get_updates
    await self._post(
  File "C:\Users\hp\AppData\Local\Programs\Python\Python311\Lib\site-packages\telegram\_bot.py", line 704, in _post
    return await self._do_post(
           ^^^^^^^^^^^^^^^^^^^^
  File "C:\Users\hp\AppData\Local\Programs\Python\Python311\Lib\site-packages\telegram\ext\_extbot.py", line 370, in _do_post
    return await super()._do_post(
           ^^^^^^^^^^^^^^^^^^^^^^^
  File "C:\Users\hp\AppData\Local\Programs\Python\Python311\Lib\site-packages\telegram\_bot.py", line 733, in _do_post
    result = await request.post(
             ^^^^^^^^^^^^^^^^^^^
  File "C:\Users\hp\AppData\Local\Programs\Python\Python311\Lib\site-packages\telegram\request\_baserequest.py", line 198, in post
    result = await self._request_wrapper(
             ^^^^^^^^^^^^^^^^^^^^^^^^^^^^
  File "C:\Users\hp\AppData\Local\Programs\Python\Python311\Lib\site-packages\telegram\request\_baserequest.py", line 375, in _request_wrapper
    raise exception
telegram.error.Conflict: Conflict: terminated by other getUpdates request; make sure that only one bot instance is running
2026-06-21 14:35:33 [httpx] INFO: HTTP Request: POST https://api.telegram.org/bot8711216541:AAF0lXqJmvUUf0Q8RGwqFN_BcE3uTVq76cs/getUpdates "HTTP/1.1 200 OK"
2026-06-21 14:35:44 [httpx] INFO: HTTP Request: POST https://api.telegram.org/bot8711216541:AAF0lXqJmvUUf0Q8RGwqFN_BcE3uTVq76cs/getUpdates "HTTP/1.1 200 OK"
2026-06-21 14:35:54 [httpx] INFO: HTTP Request: POST https://api.telegram.org/bot8711216541:AAF0lXqJmvUUf0Q8RGwqFN_BcE3uTVq76cs/getUpdates "HTTP/1.1 200 OK"
2026-06-21 14:35:56 [httpx] INFO: HTTP Request: POST https://api.telegram.org/bot8711216541:AAF0lXqJmvUUf0Q8RGwqFN_BcE3uTVq76cs/getUpdates "HTTP/1.1 409 Conflict"
2026-06-21 14:35:57 [telegram.ext.Application] ERROR: No error handlers are registered, logging exception.
Traceback (most recent call last):
  File "C:\Users\hp\AppData\Local\Programs\Python\Python311\Lib\site-packages\telegram\ext\_utils\networkloop.py", line 161, in network_retry_loop
    await do_action()
  File "C:\Users\hp\AppData\Local\Programs\Python\Python311\Lib\site-packages\telegram\ext\_utils\networkloop.py", line 154, in do_action
    action_cb_task.result()
  File "C:\Users\hp\AppData\Local\Programs\Python\Python311\Lib\site-packages\telegram\ext\_updater.py", line 340, in polling_action_cb
    updates = await self.bot.get_updates(
              ^^^^^^^^^^^^^^^^^^^^^^^^^^^
  File "C:\Users\hp\AppData\Local\Programs\Python\Python311\Lib\site-packages\telegram\ext\_extbot.py", line 672, in get_updates
    updates = await super().get_updates(
              ^^^^^^^^^^^^^^^^^^^^^^^^^^
  File "C:\Users\hp\AppData\Local\Programs\Python\Python311\Lib\site-packages\telegram\_bot.py", line 4865, in get_updates
    await self._post(
  File "C:\Users\hp\AppData\Local\Programs\Python\Python311\Lib\site-packages\telegram\_bot.py", line 704, in _post
    return await self._do_post(
           ^^^^^^^^^^^^^^^^^^^^
  File "C:\Users\hp\AppData\Local\Programs\Python\Python311\Lib\site-packages\telegram\ext\_extbot.py", line 370, in _do_post
    return await super()._do_post(
           ^^^^^^^^^^^^^^^^^^^^^^^
  File "C:\Users\hp\AppData\Local\Programs\Python\Python311\Lib\site-packages\telegram\_bot.py", line 733, in _do_post
    result = await request.post(
             ^^^^^^^^^^^^^^^^^^^
  File "C:\Users\hp\AppData\Local\Programs\Python\Python311\Lib\site-packages\telegram\request\_baserequest.py", line 198, in post
    result = await self._request_wrapper(
             ^^^^^^^^^^^^^^^^^^^^^^^^^^^^
  File "C:\Users\hp\AppData\Local\Programs\Python\Python311\Lib\site-packages\telegram\request\_baserequest.py", line 375, in _request_wrapper
    raise exception
telegram.error.Conflict: Conflict: terminated by other getUpdates request; make sure that only one bot instance is running
2026-06-21 14:36:08 [httpx] INFO: HTTP Request: POST https://api.telegram.org/bot8711216541:AAF0lXqJmvUUf0Q8RGwqFN_BcE3uTVq76cs/getUpdates "HTTP/1.1 200 OK"
2026-06-21 14:36:18 [httpx] INFO: HTTP Request: POST https://api.telegram.org/bot8711216541:AAF0lXqJmvUUf0Q8RGwqFN_BcE3uTVq76cs/getUpdates "HTTP/1.1 200 OK"
2026-06-21 14:36:28 [httpx] INFO: HTTP Request: POST https://api.telegram.org/bot8711216541:AAF0lXqJmvUUf0Q8RGwqFN_BcE3uTVq76cs/getUpdates "HTTP/1.1 200 OK"
2026-06-21 14:36:31 [httpx] INFO: HTTP Request: POST https://api.telegram.org/bot8711216541:AAF0lXqJmvUUf0Q8RGwqFN_BcE3uTVq76cs/getUpdates "HTTP/1.1 409 Conflict"
2026-06-21 14:36:31 [telegram.ext.Application] ERROR: No error handlers are registered, logging exception.
Traceback (most recent call last):
  File "C:\Users\hp\AppData\Local\Programs\Python\Python311\Lib\site-packages\telegram\ext\_utils\networkloop.py", line 161, in network_retry_loop
    await do_action()
  File "C:\Users\hp\AppData\Local\Programs\Python\Python311\Lib\site-packages\telegram\ext\_utils\networkloop.py", line 154, in do_action
    action_cb_task.result()
  File "C:\Users\hp\AppData\Local\Programs\Python\Python311\Lib\site-packages\telegram\ext\_updater.py", line 340, in polling_action_cb
    updates = await self.bot.get_updates(
              ^^^^^^^^^^^^^^^^^^^^^^^^^^^
  File "C:\Users\hp\AppData\Local\Programs\Python\Python311\Lib\site-packages\telegram\ext\_extbot.py", line 672, in get_updates
    updates = await super().get_updates(
              ^^^^^^^^^^^^^^^^^^^^^^^^^^
  File "C:\Users\hp\AppData\Local\Programs\Python\Python311\Lib\site-packages\telegram\_bot.py", line 4865, in get_updates
    await self._post(
  File "C:\Users\hp\AppData\Local\Programs\Python\Python311\Lib\site-packages\telegram\_bot.py", line 704, in _post
    return await self._do_post(
           ^^^^^^^^^^^^^^^^^^^^
  File "C:\Users\hp\AppData\Local\Programs\Python\Python311\Lib\site-packages\telegram\ext\_extbot.py", line 370, in _do_post
    return await super()._do_post(
           ^^^^^^^^^^^^^^^^^^^^^^^
  File "C:\Users\hp\AppData\Local\Programs\Python\Python311\Lib\site-packages\telegram\_bot.py", line 733, in _do_post
    result = await request.post(
             ^^^^^^^^^^^^^^^^^^^
  File "C:\Users\hp\AppData\Local\Programs\Python\Python311\Lib\site-packages\telegram\request\_baserequest.py", line 198, in post
    result = await self._request_wrapper(
             ^^^^^^^^^^^^^^^^^^^^^^^^^^^^
  File "C:\Users\hp\AppData\Local\Programs\Python\Python311\Lib\site-packages\telegram\request\_baserequest.py", line 375, in _request_wrapper
    raise exception
telegram.error.Conflict: Conflict: terminated by other getUpdates request; make sure that only one bot instance is running
2026-06-21 14:36:42 [httpx] INFO: HTTP Request: POST https://api.telegram.org/bot8711216541:AAF0lXqJmvUUf0Q8RGwqFN_BcE3uTVq76cs/getUpdates "HTTP/1.1 200 OK"
2026-06-21 14:36:52 [httpx] INFO: HTTP Request: POST https://api.telegram.org/bot8711216541:AAF0lXqJmvUUf0Q8RGwqFN_BcE3uTVq76cs/getUpdates "HTTP/1.1 200 OK"
2026-06-21 14:37:02 [httpx] INFO: HTTP Request: POST https://api.telegram.org/bot8711216541:AAF0lXqJmvUUf0Q8RGwqFN_BcE3uTVq76cs/getUpdates "HTTP/1.1 200 OK"
2026-06-21 14:37:05 [httpx] INFO: HTTP Request: POST https://api.telegram.org/bot8711216541:AAF0lXqJmvUUf0Q8RGwqFN_BcE3uTVq76cs/getUpdates "HTTP/1.1 409 Conflict"
2026-06-21 14:37:05 [telegram.ext.Application] ERROR: No error handlers are registered, logging exception.
Traceback (most recent call last):
  File "C:\Users\hp\AppData\Local\Programs\Python\Python311\Lib\site-packages\telegram\ext\_utils\networkloop.py", line 161, in network_retry_loop
    await do_action()
  File "C:\Users\hp\AppData\Local\Programs\Python\Python311\Lib\site-packages\telegram\ext\_utils\networkloop.py", line 154, in do_action
    action_cb_task.result()
  File "C:\Users\hp\AppData\Local\Programs\Python\Python311\Lib\site-packages\telegram\ext\_updater.py", line 340, in polling_action_cb
    updates = await self.bot.get_updates(
              ^^^^^^^^^^^^^^^^^^^^^^^^^^^
  File "C:\Users\hp\AppData\Local\Programs\Python\Python311\Lib\site-packages\telegram\ext\_extbot.py", line 672, in get_updates
    updates = await super().get_updates(
              ^^^^^^^^^^^^^^^^^^^^^^^^^^
  File "C:\Users\hp\AppData\Local\Programs\Python\Python311\Lib\site-packages\telegram\_bot.py", line 4865, in get_updates
    await self._post(
  File "C:\Users\hp\AppData\Local\Programs\Python\Python311\Lib\site-packages\telegram\_bot.py", line 704, in _post
    return await self._do_post(
           ^^^^^^^^^^^^^^^^^^^^
  File "C:\Users\hp\AppData\Local\Programs\Python\Python311\Lib\site-packages\telegram\ext\_extbot.py", line 370, in _do_post
    return await super()._do_post(
           ^^^^^^^^^^^^^^^^^^^^^^^
  File "C:\Users\hp\AppData\Local\Programs\Python\Python311\Lib\site-packages\telegram\_bot.py", line 733, in _do_post
    result = await request.post(
             ^^^^^^^^^^^^^^^^^^^
  File "C:\Users\hp\AppData\Local\Programs\Python\Python311\Lib\site-packages\telegram\request\_baserequest.py", line 198, in post
    result = await self._request_wrapper(
             ^^^^^^^^^^^^^^^^^^^^^^^^^^^^
  File "C:\Users\hp\AppData\Local\Programs\Python\Python311\Lib\site-packages\telegram\request\_baserequest.py", line 375, in _request_wrapper
    raise exception
telegram.error.Conflict: Conflict: terminated by other getUpdates request; make sure that only one bot instance is running
2026-06-21 14:37:16 [httpx] INFO: HTTP Request: POST https://api.telegram.org/bot8711216541:AAF0lXqJmvUUf0Q8RGwqFN_BcE3uTVq76cs/getUpdates "HTTP/1.1 200 OK"
2026-06-21 14:37:27 [httpx] INFO: HTTP Request: POST https://api.telegram.org/bot8711216541:AAF0lXqJmvUUf0Q8RGwqFN_BcE3uTVq76cs/getUpdates "HTTP/1.1 200 OK"
2026-06-21 14:37:37 [httpx] INFO: HTTP Request: POST https://api.telegram.org/bot8711216541:AAF0lXqJmvUUf0Q8RGwqFN_BcE3uTVq76cs/getUpdates "HTTP/1.1 200 OK"
2026-06-21 14:37:39 [httpx] INFO: HTTP Request: POST https://api.telegram.org/bot8711216541:AAF0lXqJmvUUf0Q8RGwqFN_BcE3uTVq76cs/getUpdates "HTTP/1.1 409 Conflict"
2026-06-21 14:37:39 [telegram.ext.Application] ERROR: No error handlers are registered, logging exception.
Traceback (most recent call last):
  File "C:\Users\hp\AppData\Local\Programs\Python\Python311\Lib\site-packages\telegram\ext\_utils\networkloop.py", line 161, in network_retry_loop
    await do_action()
  File "C:\Users\hp\AppData\Local\Programs\Python\Python311\Lib\site-packages\telegram\ext\_utils\networkloop.py", line 154, in do_action
    action_cb_task.result()
  File "C:\Users\hp\AppData\Local\Programs\Python\Python311\Lib\site-packages\telegram\ext\_updater.py", line 340, in polling_action_cb
    updates = await self.bot.get_updates(
              ^^^^^^^^^^^^^^^^^^^^^^^^^^^
  File "C:\Users\hp\AppData\Local\Programs\Python\Python311\Lib\site-packages\telegram\ext\_extbot.py", line 672, in get_updates
    updates = await super().get_updates(
              ^^^^^^^^^^^^^^^^^^^^^^^^^^
  File "C:\Users\hp\AppData\Local\Programs\Python\Python311\Lib\site-packages\telegram\_bot.py", line 4865, in get_updates
    await self._post(
  File "C:\Users\hp\AppData\Local\Programs\Python\Python311\Lib\site-packages\telegram\_bot.py", line 704, in _post
    return await self._do_post(
           ^^^^^^^^^^^^^^^^^^^^
  File "C:\Users\hp\AppData\Local\Programs\Python\Python311\Lib\site-packages\telegram\ext\_extbot.py", line 370, in _do_post
    return await super()._do_post(
           ^^^^^^^^^^^^^^^^^^^^^^^
  File "C:\Users\hp\AppData\Local\Programs\Python\Python311\Lib\site-packages\telegram\_bot.py", line 733, in _do_post
    result = await request.post(
             ^^^^^^^^^^^^^^^^^^^
  File "C:\Users\hp\AppData\Local\Programs\Python\Python311\Lib\site-packages\telegram\request\_baserequest.py", line 198, in post
    result = await self._request_wrapper(
             ^^^^^^^^^^^^^^^^^^^^^^^^^^^^
  File "C:\Users\hp\AppData\Local\Programs\Python\Python311\Lib\site-packages\telegram\request\_baserequest.py", line 375, in _request_wrapper
    raise exception
telegram.error.Conflict: Conflict: terminated by other getUpdates request; make sure that only one bot instance is running
2026-06-21 14:37:51 [httpx] INFO: HTTP Request: POST https://api.telegram.org/bot8711216541:AAF0lXqJmvUUf0Q8RGwqFN_BcE3uTVq76cs/getUpdates "HTTP/1.1 200 OK"
2026-06-21 14:38:01 [httpx] INFO: HTTP Request: POST https://api.telegram.org/bot8711216541:AAF0lXqJmvUUf0Q8RGwqFN_BcE3uTVq76cs/getUpdates "HTTP/1.1 200 OK"
2026-06-21 14:38:11 [httpx] INFO: HTTP Request: POST https://api.telegram.org/bot8711216541:AAF0lXqJmvUUf0Q8RGwqFN_BcE3uTVq76cs/getUpdates "HTTP/1.1 200 OK"
2026-06-21 14:38:14 [httpx] INFO: HTTP Request: POST https://api.telegram.org/bot8711216541:AAF0lXqJmvUUf0Q8RGwqFN_BcE3uTVq76cs/getUpdates "HTTP/1.1 409 Conflict"
2026-06-21 14:38:14 [telegram.ext.Application] ERROR: No error handlers are registered, logging exception.
Traceback (most recent call last):
  File "C:\Users\hp\AppData\Local\Programs\Python\Python311\Lib\site-packages\telegram\ext\_utils\networkloop.py", line 161, in network_retry_loop
    await do_action()
  File "C:\Users\hp\AppData\Local\Programs\Python\Python311\Lib\site-packages\telegram\ext\_utils\networkloop.py", line 154, in do_action
    action_cb_task.result()
  File "C:\Users\hp\AppData\Local\Programs\Python\Python311\Lib\site-packages\telegram\ext\_updater.py", line 340, in polling_action_cb
    updates = await self.bot.get_updates(
              ^^^^^^^^^^^^^^^^^^^^^^^^^^^
  File "C:\Users\hp\AppData\Local\Programs\Python\Python311\Lib\site-packages\telegram\ext\_extbot.py", line 672, in get_updates
    updates = await super().get_updates(
              ^^^^^^^^^^^^^^^^^^^^^^^^^^
  File "C:\Users\hp\AppData\Local\Programs\Python\Python311\Lib\site-packages\telegram\_bot.py", line 4865, in get_updates
    await self._post(
  File "C:\Users\hp\AppData\Local\Programs\Python\Python311\Lib\site-packages\telegram\_bot.py", line 704, in _post
    return await self._do_post(
           ^^^^^^^^^^^^^^^^^^^^
  File "C:\Users\hp\AppData\Local\Programs\Python\Python311\Lib\site-packages\telegram\ext\_extbot.py", line 370, in _do_post
    return await super()._do_post(
           ^^^^^^^^^^^^^^^^^^^^^^^
  File "C:\Users\hp\AppData\Local\Programs\Python\Python311\Lib\site-packages\telegram\_bot.py", line 733, in _do_post
    result = await request.post(
             ^^^^^^^^^^^^^^^^^^^
  File "C:\Users\hp\AppData\Local\Programs\Python\Python311\Lib\site-packages\telegram\request\_baserequest.py", line 198, in post
    result = await self._request_wrapper(
             ^^^^^^^^^^^^^^^^^^^^^^^^^^^^
  File "C:\Users\hp\AppData\Local\Programs\Python\Python311\Lib\site-packages\telegram\request\_baserequest.py", line 375, in _request_wrapper
    raise exception
telegram.error.Conflict: Conflict: terminated by other getUpdates request; make sure that only one bot instance is running
2026-06-21 14:38:25 [httpx] INFO: HTTP Request: POST https://api.telegram.org/bot8711216541:AAF0lXqJmvUUf0Q8RGwqFN_BcE3uTVq76cs/getUpdates "HTTP/1.1 200 OK"
2026-06-21 14:38:35 [httpx] INFO: HTTP Request: POST https://api.telegram.org/bot8711216541:AAF0lXqJmvUUf0Q8RGwqFN_BcE3uTVq76cs/getUpdates "HTTP/1.1 200 OK"
2026-06-21 14:38:45 [httpx] INFO: HTTP Request: POST https://api.telegram.org/bot8711216541:AAF0lXqJmvUUf0Q8RGwqFN_BcE3uTVq76cs/getUpdates "HTTP/1.1 200 OK"
2026-06-21 14:38:48 [httpx] INFO: HTTP Request: POST https://api.telegram.org/bot8711216541:AAF0lXqJmvUUf0Q8RGwqFN_BcE3uTVq76cs/getUpdates "HTTP/1.1 409 Conflict"
2026-06-21 14:38:48 [telegram.ext.Application] ERROR: No error handlers are registered, logging exception.
Traceback (most recent call last):
  File "C:\Users\hp\AppData\Local\Programs\Python\Python311\Lib\site-packages\telegram\ext\_utils\networkloop.py", line 161, in network_retry_loop
    await do_action()
  File "C:\Users\hp\AppData\Local\Programs\Python\Python311\Lib\site-packages\telegram\ext\_utils\networkloop.py", line 154, in do_action
    action_cb_task.result()
  File "C:\Users\hp\AppData\Local\Programs\Python\Python311\Lib\site-packages\telegram\ext\_updater.py", line 340, in polling_action_cb
    updates = await self.bot.get_updates(
              ^^^^^^^^^^^^^^^^^^^^^^^^^^^
  File "C:\Users\hp\AppData\Local\Programs\Python\Python311\Lib\site-packages\telegram\ext\_extbot.py", line 672, in get_updates
    updates = await super().get_updates(
              ^^^^^^^^^^^^^^^^^^^^^^^^^^
  File "C:\Users\hp\AppData\Local\Programs\Python\Python311\Lib\site-packages\telegram\_bot.py", line 4865, in get_updates
    await self._post(
  File "C:\Users\hp\AppData\Local\Programs\Python\Python311\Lib\site-packages\telegram\_bot.py", line 704, in _post
    return await self._do_post(
           ^^^^^^^^^^^^^^^^^^^^
  File "C:\Users\hp\AppData\Local\Programs\Python\Python311\Lib\site-packages\telegram\ext\_extbot.py", line 370, in _do_post
    return await super()._do_post(
           ^^^^^^^^^^^^^^^^^^^^^^^
  File "C:\Users\hp\AppData\Local\Programs\Python\Python311\Lib\site-packages\telegram\_bot.py", line 733, in _do_post
    result = await request.post(
             ^^^^^^^^^^^^^^^^^^^
  File "C:\Users\hp\AppData\Local\Programs\Python\Python311\Lib\site-packages\telegram\request\_baserequest.py", line 198, in post
    result = await self._request_wrapper(
             ^^^^^^^^^^^^^^^^^^^^^^^^^^^^
  File "C:\Users\hp\AppData\Local\Programs\Python\Python311\Lib\site-packages\telegram\request\_baserequest.py", line 375, in _request_wrapper
    raise exception
telegram.error.Conflict: Conflict: terminated by other getUpdates request; make sure that only one bot instance is running
2026-06-21 14:38:59 [httpx] INFO: HTTP Request: POST https://api.telegram.org/bot8711216541:AAF0lXqJmvUUf0Q8RGwqFN_BcE3uTVq76cs/getUpdates "HTTP/1.1 200 OK"
2026-06-21 14:39:10 [httpx] INFO: HTTP Request: POST https://api.telegram.org/bot8711216541:AAF0lXqJmvUUf0Q8RGwqFN_BcE3uTVq76cs/getUpdates "HTTP/1.1 200 OK"
2026-06-21 14:39:20 [httpx] INFO: HTTP Request: POST https://api.telegram.org/bot8711216541:AAF0lXqJmvUUf0Q8RGwqFN_BcE3uTVq76cs/getUpdates "HTTP/1.1 200 OK"
2026-06-21 14:39:22 [httpx] INFO: HTTP Request: POST https://api.telegram.org/bot8711216541:AAF0lXqJmvUUf0Q8RGwqFN_BcE3uTVq76cs/getUpdates "HTTP/1.1 409 Conflict"
2026-06-21 14:39:22 [telegram.ext.Application] ERROR: No error handlers are registered, logging exception.
Traceback (most recent call last):
  File "C:\Users\hp\AppData\Local\Programs\Python\Python311\Lib\site-packages\telegram\ext\_utils\networkloop.py", line 161, in network_retry_loop
    await do_action()
  File "C:\Users\hp\AppData\Local\Programs\Python\Python311\Lib\site-packages\telegram\ext\_utils\networkloop.py", line 154, in do_action
    action_cb_task.result()
  File "C:\Users\hp\AppData\Local\Programs\Python\Python311\Lib\site-packages\telegram\ext\_updater.py", line 340, in polling_action_cb
    updates = await self.bot.get_updates(
              ^^^^^^^^^^^^^^^^^^^^^^^^^^^
  File "C:\Users\hp\AppData\Local\Programs\Python\Python311\Lib\site-packages\telegram\ext\_extbot.py", line 672, in get_updates
    updates = await super().get_updates(
              ^^^^^^^^^^^^^^^^^^^^^^^^^^
  File "C:\Users\hp\AppData\Local\Programs\Python\Python311\Lib\site-packages\telegram\_bot.py", line 4865, in get_updates
    await self._post(
  File "C:\Users\hp\AppData\Local\Programs\Python\Python311\Lib\site-packages\telegram\_bot.py", line 704, in _post
    return await self._do_post(
           ^^^^^^^^^^^^^^^^^^^^
  File "C:\Users\hp\AppData\Local\Programs\Python\Python311\Lib\site-packages\telegram\ext\_extbot.py", line 370, in _do_post
    return await super()._do_post(
           ^^^^^^^^^^^^^^^^^^^^^^^
  File "C:\Users\hp\AppData\Local\Programs\Python\Python311\Lib\site-packages\telegram\_bot.py", line 733, in _do_post
    result = await request.post(
             ^^^^^^^^^^^^^^^^^^^
  File "C:\Users\hp\AppData\Local\Programs\Python\Python311\Lib\site-packages\telegram\request\_baserequest.py", line 198, in post
    result = await self._request_wrapper(
             ^^^^^^^^^^^^^^^^^^^^^^^^^^^^
  File "C:\Users\hp\AppData\Local\Programs\Python\Python311\Lib\site-packages\telegram\request\_baserequest.py", line 375, in _request_wrapper
    raise exception
telegram.error.Conflict: Conflict: terminated by other getUpdates request; make sure that only one bot instance is running
2026-06-21 14:39:34 [httpx] INFO: HTTP Request: POST https://api.telegram.org/bot8711216541:AAF0lXqJmvUUf0Q8RGwqFN_BcE3uTVq76cs/getUpdates "HTTP/1.1 200 OK"
2026-06-21 14:39:44 [httpx] INFO: HTTP Request: POST https://api.telegram.org/bot8711216541:AAF0lXqJmvUUf0Q8RGwqFN_BcE3uTVq76cs/getUpdates "HTTP/1.1 200 OK"
2026-06-21 14:39:54 [httpx] INFO: HTTP Request: POST https://api.telegram.org/bot8711216541:AAF0lXqJmvUUf0Q8RGwqFN_BcE3uTVq76cs/getUpdates "HTTP/1.1 200 OK"
2026-06-21 14:39:57 [httpx] INFO: HTTP Request: POST https://api.telegram.org/bot8711216541:AAF0lXqJmvUUf0Q8RGwqFN_BcE3uTVq76cs/getUpdates "HTTP/1.1 409 Conflict"
2026-06-21 14:39:57 [telegram.ext.Application] ERROR: No error handlers are registered, logging exception.
Traceback (most recent call last):
  File "C:\Users\hp\AppData\Local\Programs\Python\Python311\Lib\site-packages\telegram\ext\_utils\networkloop.py", line 161, in network_retry_loop
    await do_action()
  File "C:\Users\hp\AppData\Local\Programs\Python\Python311\Lib\site-packages\telegram\ext\_utils\networkloop.py", line 154, in do_action
    action_cb_task.result()
  File "C:\Users\hp\AppData\Local\Programs\Python\Python311\Lib\site-packages\telegram\ext\_updater.py", line 340, in polling_action_cb
    updates = await self.bot.get_updates(
              ^^^^^^^^^^^^^^^^^^^^^^^^^^^
  File "C:\Users\hp\AppData\Local\Programs\Python\Python311\Lib\site-packages\telegram\ext\_extbot.py", line 672, in get_updates
    updates = await super().get_updates(
              ^^^^^^^^^^^^^^^^^^^^^^^^^^
  File "C:\Users\hp\AppData\Local\Programs\Python\Python311\Lib\site-packages\telegram\_bot.py", line 4865, in get_updates
    await self._post(
  File "C:\Users\hp\AppData\Local\Programs\Python\Python311\Lib\site-packages\telegram\_bot.py", line 704, in _post
    return await self._do_post(
           ^^^^^^^^^^^^^^^^^^^^
  File "C:\Users\hp\AppData\Local\Programs\Python\Python311\Lib\site-packages\telegram\ext\_extbot.py", line 370, in _do_post
    return await super()._do_post(
           ^^^^^^^^^^^^^^^^^^^^^^^
  File "C:\Users\hp\AppData\Local\Programs\Python\Python311\Lib\site-packages\telegram\_bot.py", line 733, in _do_post
    result = await request.post(
             ^^^^^^^^^^^^^^^^^^^
  File "C:\Users\hp\AppData\Local\Programs\Python\Python311\Lib\site-packages\telegram\request\_baserequest.py", line 198, in post
    result = await self._request_wrapper(
             ^^^^^^^^^^^^^^^^^^^^^^^^^^^^
  File "C:\Users\hp\AppData\Local\Programs\Python\Python311\Lib\site-packages\telegram\request\_baserequest.py", line 375, in _request_wrapper
    raise exception
telegram.error.Conflict: Conflict: terminated by other getUpdates request; make sure that only one bot instance is running
2026-06-21 14:40:08 [httpx] INFO: HTTP Request: POST https://api.telegram.org/bot8711216541:AAF0lXqJmvUUf0Q8RGwqFN_BcE3uTVq76cs/getUpdates "HTTP/1.1 200 OK"
2026-06-21 14:40:18 [httpx] INFO: HTTP Request: POST https://api.telegram.org/bot8711216541:AAF0lXqJmvUUf0Q8RGwqFN_BcE3uTVq76cs/getUpdates "HTTP/1.1 200 OK"
2026-06-21 14:40:29 [httpx] INFO: HTTP Request: POST https://api.telegram.org/bot8711216541:AAF0lXqJmvUUf0Q8RGwqFN_BcE3uTVq76cs/getUpdates "HTTP/1.1 200 OK"
2026-06-21 14:40:31 [httpx] INFO: HTTP Request: POST https://api.telegram.org/bot8711216541:AAF0lXqJmvUUf0Q8RGwqFN_BcE3uTVq76cs/getUpdates "HTTP/1.1 409 Conflict"
2026-06-21 14:40:31 [telegram.ext.Application] ERROR: No error handlers are registered, logging exception.
Traceback (most recent call last):
  File "C:\Users\hp\AppData\Local\Programs\Python\Python311\Lib\site-packages\telegram\ext\_utils\networkloop.py", line 161, in network_retry_loop
    await do_action()
  File "C:\Users\hp\AppData\Local\Programs\Python\Python311\Lib\site-packages\telegram\ext\_utils\networkloop.py", line 154, in do_action
    action_cb_task.result()
  File "C:\Users\hp\AppData\Local\Programs\Python\Python311\Lib\site-packages\telegram\ext\_updater.py", line 340, in polling_action_cb
    updates = await self.bot.get_updates(
              ^^^^^^^^^^^^^^^^^^^^^^^^^^^
  File "C:\Users\hp\AppData\Local\Programs\Python\Python311\Lib\site-packages\telegram\ext\_extbot.py", line 672, in get_updates
    updates = await super().get_updates(
              ^^^^^^^^^^^^^^^^^^^^^^^^^^
  File "C:\Users\hp\AppData\Local\Programs\Python\Python311\Lib\site-packages\telegram\_bot.py", line 4865, in get_updates
    await self._post(
  File "C:\Users\hp\AppData\Local\Programs\Python\Python311\Lib\site-packages\telegram\_bot.py", line 704, in _post
    return await self._do_post(
           ^^^^^^^^^^^^^^^^^^^^
  File "C:\Users\hp\AppData\Local\Programs\Python\Python311\Lib\site-packages\telegram\ext\_extbot.py", line 370, in _do_post
    return await super()._do_post(
           ^^^^^^^^^^^^^^^^^^^^^^^
  File "C:\Users\hp\AppData\Local\Programs\Python\Python311\Lib\site-packages\telegram\_bot.py", line 733, in _do_post
    result = await request.post(
             ^^^^^^^^^^^^^^^^^^^
  File "C:\Users\hp\AppData\Local\Programs\Python\Python311\Lib\site-packages\telegram\request\_baserequest.py", line 198, in post
    result = await self._request_wrapper(
             ^^^^^^^^^^^^^^^^^^^^^^^^^^^^
  File "C:\Users\hp\AppData\Local\Programs\Python\Python311\Lib\site-packages\telegram\request\_baserequest.py", line 375, in _request_wrapper
    raise exception
telegram.error.Conflict: Conflict: terminated by other getUpdates request; make sure that only one bot instance is running
2026-06-21 14:40:42 [httpx] INFO: HTTP Request: POST https://api.telegram.org/bot8711216541:AAF0lXqJmvUUf0Q8RGwqFN_BcE3uTVq76cs/getUpdates "HTTP/1.1 200 OK"
2026-06-21 14:40:53 [httpx] INFO: HTTP Request: POST https://api.telegram.org/bot8711216541:AAF0lXqJmvUUf0Q8RGwqFN_BcE3uTVq76cs/getUpdates "HTTP/1.1 200 OK"
2026-06-21 14:41:03 [httpx] INFO: HTTP Request: POST https://api.telegram.org/bot8711216541:AAF0lXqJmvUUf0Q8RGwqFN_BcE3uTVq76cs/getUpdates "HTTP/1.1 200 OK"
2026-06-21 14:41:05 [httpx] INFO: HTTP Request: POST https://api.telegram.org/bot8711216541:AAF0lXqJmvUUf0Q8RGwqFN_BcE3uTVq76cs/getUpdates "HTTP/1.1 409 Conflict"
2026-06-21 14:41:05 [telegram.ext.Application] ERROR: No error handlers are registered, logging exception.
Traceback (most recent call last):
  File "C:\Users\hp\AppData\Local\Programs\Python\Python311\Lib\site-packages\telegram\ext\_utils\networkloop.py", line 161, in network_retry_loop
    await do_action()
  File "C:\Users\hp\AppData\Local\Programs\Python\Python311\Lib\site-packages\telegram\ext\_utils\networkloop.py", line 154, in do_action
    action_cb_task.result()
  File "C:\Users\hp\AppData\Local\Programs\Python\Python311\Lib\site-packages\telegram\ext\_updater.py", line 340, in polling_action_cb
    updates = await self.bot.get_updates(
              ^^^^^^^^^^^^^^^^^^^^^^^^^^^
  File "C:\Users\hp\AppData\Local\Programs\Python\Python311\Lib\site-packages\telegram\ext\_extbot.py", line 672, in get_updates
    updates = await super().get_updates(
              ^^^^^^^^^^^^^^^^^^^^^^^^^^
  File "C:\Users\hp\AppData\Local\Programs\Python\Python311\Lib\site-packages\telegram\_bot.py", line 4865, in get_updates
    await self._post(
  File "C:\Users\hp\AppData\Local\Programs\Python\Python311\Lib\site-packages\telegram\_bot.py", line 704, in _post
    return await self._do_post(
           ^^^^^^^^^^^^^^^^^^^^
  File "C:\Users\hp\AppData\Local\Programs\Python\Python311\Lib\site-packages\telegram\ext\_extbot.py", line 370, in _do_post
    return await super()._do_post(
           ^^^^^^^^^^^^^^^^^^^^^^^
  File "C:\Users\hp\AppData\Local\Programs\Python\Python311\Lib\site-packages\telegram\_bot.py", line 733, in _do_post
    result = await request.post(
             ^^^^^^^^^^^^^^^^^^^
  File "C:\Users\hp\AppData\Local\Programs\Python\Python311\Lib\site-packages\telegram\request\_baserequest.py", line 198, in post
    result = await self._request_wrapper(
             ^^^^^^^^^^^^^^^^^^^^^^^^^^^^
  File "C:\Users\hp\AppData\Local\Programs\Python\Python311\Lib\site-packages\telegram\request\_baserequest.py", line 375, in _request_wrapper
    raise exception
telegram.error.Conflict: Conflict: terminated by other getUpdates request; make sure that only one bot instance is running
2026-06-21 14:41:17 [httpx] INFO: HTTP Request: POST https://api.telegram.org/bot8711216541:AAF0lXqJmvUUf0Q8RGwqFN_BcE3uTVq76cs/getUpdates "HTTP/1.1 200 OK"
2026-06-21 14:41:27 [httpx] INFO: HTTP Request: POST https://api.telegram.org/bot8711216541:AAF0lXqJmvUUf0Q8RGwqFN_BcE3uTVq76cs/getUpdates "HTTP/1.1 200 OK"
2026-06-21 14:41:37 [httpx] INFO: HTTP Request: POST https://api.telegram.org/bot8711216541:AAF0lXqJmvUUf0Q8RGwqFN_BcE3uTVq76cs/getUpdates "HTTP/1.1 200 OK"
2026-06-21 14:41:40 [httpx] INFO: HTTP Request: POST https://api.telegram.org/bot8711216541:AAF0lXqJmvUUf0Q8RGwqFN_BcE3uTVq76cs/getUpdates "HTTP/1.1 409 Conflict"
2026-06-21 14:41:40 [telegram.ext.Application] ERROR: No error handlers are registered, logging exception.
Traceback (most recent call last):
  File "C:\Users\hp\AppData\Local\Programs\Python\Python311\Lib\site-packages\telegram\ext\_utils\networkloop.py", line 161, in network_retry_loop
    await do_action()
  File "C:\Users\hp\AppData\Local\Programs\Python\Python311\Lib\site-packages\telegram\ext\_utils\networkloop.py", line 154, in do_action
    action_cb_task.result()
  File "C:\Users\hp\AppData\Local\Programs\Python\Python311\Lib\site-packages\telegram\ext\_updater.py", line 340, in polling_action_cb
    updates = await self.bot.get_updates(
              ^^^^^^^^^^^^^^^^^^^^^^^^^^^
  File "C:\Users\hp\AppData\Local\Programs\Python\Python311\Lib\site-packages\telegram\ext\_extbot.py", line 672, in get_updates
    updates = await super().get_updates(
              ^^^^^^^^^^^^^^^^^^^^^^^^^^
  File "C:\Users\hp\AppData\Local\Programs\Python\Python311\Lib\site-packages\telegram\_bot.py", line 4865, in get_updates
    await self._post(
  File "C:\Users\hp\AppData\Local\Programs\Python\Python311\Lib\site-packages\telegram\_bot.py", line 704, in _post
    return await self._do_post(
           ^^^^^^^^^^^^^^^^^^^^
  File "C:\Users\hp\AppData\Local\Programs\Python\Python311\Lib\site-packages\telegram\ext\_extbot.py", line 370, in _do_post
    return await super()._do_post(
           ^^^^^^^^^^^^^^^^^^^^^^^
  File "C:\Users\hp\AppData\Local\Programs\Python\Python311\Lib\site-packages\telegram\_bot.py", line 733, in _do_post
    result = await request.post(
             ^^^^^^^^^^^^^^^^^^^
  File "C:\Users\hp\AppData\Local\Programs\Python\Python311\Lib\site-packages\telegram\request\_baserequest.py", line 198, in post
    result = await self._request_wrapper(
             ^^^^^^^^^^^^^^^^^^^^^^^^^^^^
  File "C:\Users\hp\AppData\Local\Programs\Python\Python311\Lib\site-packages\telegram\request\_baserequest.py", line 375, in _request_wrapper
    raise exception
telegram.error.Conflict: Conflict: terminated by other getUpdates request; make sure that only one bot instance is running
2026-06-21 14:41:51 [httpx] INFO: HTTP Request: POST https://api.telegram.org/bot8711216541:AAF0lXqJmvUUf0Q8RGwqFN_BcE3uTVq76cs/getUpdates "HTTP/1.1 200 OK"
2026-06-21 14:42:01 [httpx] INFO: HTTP Request: POST https://api.telegram.org/bot8711216541:AAF0lXqJmvUUf0Q8RGwqFN_BcE3uTVq76cs/getUpdates "HTTP/1.1 200 OK"
2026-06-21 14:42:12 [httpx] INFO: HTTP Request: POST https://api.telegram.org/bot8711216541:AAF0lXqJmvUUf0Q8RGwqFN_BcE3uTVq76cs/getUpdates "HTTP/1.1 200 OK"
2026-06-21 14:42:14 [httpx] INFO: HTTP Request: POST https://api.telegram.org/bot8711216541:AAF0lXqJmvUUf0Q8RGwqFN_BcE3uTVq76cs/getUpdates "HTTP/1.1 409 Conflict"
2026-06-21 14:42:14 [telegram.ext.Application] ERROR: No error handlers are registered, logging exception.
Traceback (most recent call last):
  File "C:\Users\hp\AppData\Local\Programs\Python\Python311\Lib\site-packages\telegram\ext\_utils\networkloop.py", line 161, in network_retry_loop
    await do_action()
  File "C:\Users\hp\AppData\Local\Programs\Python\Python311\Lib\site-packages\telegram\ext\_utils\networkloop.py", line 154, in do_action
    action_cb_task.result()
  File "C:\Users\hp\AppData\Local\Programs\Python\Python311\Lib\site-packages\telegram\ext\_updater.py", line 340, in polling_action_cb
    updates = await self.bot.get_updates(
              ^^^^^^^^^^^^^^^^^^^^^^^^^^^
  File "C:\Users\hp\AppData\Local\Programs\Python\Python311\Lib\site-packages\telegram\ext\_extbot.py", line 672, in get_updates
    updates = await super().get_updates(
              ^^^^^^^^^^^^^^^^^^^^^^^^^^
  File "C:\Users\hp\AppData\Local\Programs\Python\Python311\Lib\site-packages\telegram\_bot.py", line 4865, in get_updates
    await self._post(
  File "C:\Users\hp\AppData\Local\Programs\Python\Python311\Lib\site-packages\telegram\_bot.py", line 704, in _post
    return await self._do_post(
           ^^^^^^^^^^^^^^^^^^^^
  File "C:\Users\hp\AppData\Local\Programs\Python\Python311\Lib\site-packages\telegram\ext\_extbot.py", line 370, in _do_post
    return await super()._do_post(
           ^^^^^^^^^^^^^^^^^^^^^^^
  File "C:\Users\hp\AppData\Local\Programs\Python\Python311\Lib\site-packages\telegram\_bot.py", line 733, in _do_post
    result = await request.post(
             ^^^^^^^^^^^^^^^^^^^
  File "C:\Users\hp\AppData\Local\Programs\Python\Python311\Lib\site-packages\telegram\request\_baserequest.py", line 198, in post
    result = await self._request_wrapper(
             ^^^^^^^^^^^^^^^^^^^^^^^^^^^^
  File "C:\Users\hp\AppData\Local\Programs\Python\Python311\Lib\site-packages\telegram\request\_baserequest.py", line 375, in _request_wrapper
    raise exception
telegram.error.Conflict: Conflict: terminated by other getUpdates request; make sure that only one bot instance is running
2026-06-21 14:42:25 [httpx] INFO: HTTP Request: POST https://api.telegram.org/bot8711216541:AAF0lXqJmvUUf0Q8RGwqFN_BcE3uTVq76cs/getUpdates "HTTP/1.1 200 OK"
2026-06-21 14:42:35 [httpx] INFO: HTTP Request: POST https://api.telegram.org/bot8711216541:AAF0lXqJmvUUf0Q8RGwqFN_BcE3uTVq76cs/getUpdates "HTTP/1.1 200 OK"
2026-06-21 14:42:46 [httpx] INFO: HTTP Request: POST https://api.telegram.org/bot8711216541:AAF0lXqJmvUUf0Q8RGwqFN_BcE3uTVq76cs/getUpdates "HTTP/1.1 200 OK"
2026-06-21 14:42:48 [httpx] INFO: HTTP Request: POST https://api.telegram.org/bot8711216541:AAF0lXqJmvUUf0Q8RGwqFN_BcE3uTVq76cs/getUpdates "HTTP/1.1 409 Conflict"
2026-06-21 14:42:48 [telegram.ext.Application] ERROR: No error handlers are registered, logging exception.
Traceback (most recent call last):
  File "C:\Users\hp\AppData\Local\Programs\Python\Python311\Lib\site-packages\telegram\ext\_utils\networkloop.py", line 161, in network_retry_loop
    await do_action()
  File "C:\Users\hp\AppData\Local\Programs\Python\Python311\Lib\site-packages\telegram\ext\_utils\networkloop.py", line 154, in do_action
    action_cb_task.result()
  File "C:\Users\hp\AppData\Local\Programs\Python\Python311\Lib\site-packages\telegram\ext\_updater.py", line 340, in polling_action_cb
    updates = await self.bot.get_updates(
              ^^^^^^^^^^^^^^^^^^^^^^^^^^^
  File "C:\Users\hp\AppData\Local\Programs\Python\Python311\Lib\site-packages\telegram\ext\_extbot.py", line 672, in get_updates
    updates = await super().get_updates(
              ^^^^^^^^^^^^^^^^^^^^^^^^^^
  File "C:\Users\hp\AppData\Local\Programs\Python\Python311\Lib\site-packages\telegram\_bot.py", line 4865, in get_updates
    await self._post(
  File "C:\Users\hp\AppData\Local\Programs\Python\Python311\Lib\site-packages\telegram\_bot.py", line 704, in _post
    return await self._do_post(
           ^^^^^^^^^^^^^^^^^^^^
  File "C:\Users\hp\AppData\Local\Programs\Python\Python311\Lib\site-packages\telegram\ext\_extbot.py", line 370, in _do_post
    return await super()._do_post(
           ^^^^^^^^^^^^^^^^^^^^^^^
  File "C:\Users\hp\AppData\Local\Programs\Python\Python311\Lib\site-packages\telegram\_bot.py", line 733, in _do_post
    result = await request.post(
             ^^^^^^^^^^^^^^^^^^^
  File "C:\Users\hp\AppData\Local\Programs\Python\Python311\Lib\site-packages\telegram\request\_baserequest.py", line 198, in post
    result = await self._request_wrapper(
             ^^^^^^^^^^^^^^^^^^^^^^^^^^^^
  File "C:\Users\hp\AppData\Local\Programs\Python\Python311\Lib\site-packages\telegram\request\_baserequest.py", line 375, in _request_wrapper
    raise exception
telegram.error.Conflict: Conflict: terminated by other getUpdates request; make sure that only one bot instance is running
2026-06-21 14:43:00 [httpx] INFO: HTTP Request: POST https://api.telegram.org/bot8711216541:AAF0lXqJmvUUf0Q8RGwqFN_BcE3uTVq76cs/getUpdates "HTTP/1.1 200 OK"
2026-06-21 14:43:10 [httpx] INFO: HTTP Request: POST https://api.telegram.org/bot8711216541:AAF0lXqJmvUUf0Q8RGwqFN_BcE3uTVq76cs/getUpdates "HTTP/1.1 200 OK"
2026-06-21 14:43:20 [httpx] INFO: HTTP Request: POST https://api.telegram.org/bot8711216541:AAF0lXqJmvUUf0Q8RGwqFN_BcE3uTVq76cs/getUpdates "HTTP/1.1 200 OK"
2026-06-21 14:43:23 [httpx] INFO: HTTP Request: POST https://api.telegram.org/bot8711216541:AAF0lXqJmvUUf0Q8RGwqFN_BcE3uTVq76cs/getUpdates "HTTP/1.1 409 Conflict"
2026-06-21 14:43:23 [telegram.ext.Application] ERROR: No error handlers are registered, logging exception.
Traceback (most recent call last):
  File "C:\Users\hp\AppData\Local\Programs\Python\Python311\Lib\site-packages\telegram\ext\_utils\networkloop.py", line 161, in network_retry_loop
    await do_action()
  File "C:\Users\hp\AppData\Local\Programs\Python\Python311\Lib\site-packages\telegram\ext\_utils\networkloop.py", line 154, in do_action
    action_cb_task.result()
  File "C:\Users\hp\AppData\Local\Programs\Python\Python311\Lib\site-packages\telegram\ext\_updater.py", line 340, in polling_action_cb
    updates = await self.bot.get_updates(
              ^^^^^^^^^^^^^^^^^^^^^^^^^^^
  File "C:\Users\hp\AppData\Local\Programs\Python\Python311\Lib\site-packages\telegram\ext\_extbot.py", line 672, in get_updates
    updates = await super().get_updates(
              ^^^^^^^^^^^^^^^^^^^^^^^^^^
  File "C:\Users\hp\AppData\Local\Programs\Python\Python311\Lib\site-packages\telegram\_bot.py", line 4865, in get_updates
    await self._post(
  File "C:\Users\hp\AppData\Local\Programs\Python\Python311\Lib\site-packages\telegram\_bot.py", line 704, in _post
    return await self._do_post(
           ^^^^^^^^^^^^^^^^^^^^
  File "C:\Users\hp\AppData\Local\Programs\Python\Python311\Lib\site-packages\telegram\ext\_extbot.py", line 370, in _do_post
    return await super()._do_post(
           ^^^^^^^^^^^^^^^^^^^^^^^
  File "C:\Users\hp\AppData\Local\Programs\Python\Python311\Lib\site-packages\telegram\_bot.py", line 733, in _do_post
    result = await request.post(
             ^^^^^^^^^^^^^^^^^^^
  File "C:\Users\hp\AppData\Local\Programs\Python\Python311\Lib\site-packages\telegram\request\_baserequest.py", line 198, in post
    result = await self._request_wrapper(
             ^^^^^^^^^^^^^^^^^^^^^^^^^^^^
  File "C:\Users\hp\AppData\Local\Programs\Python\Python311\Lib\site-packages\telegram\request\_baserequest.py", line 375, in _request_wrapper
    raise exception
telegram.error.Conflict: Conflict: terminated by other getUpdates request; make sure that only one bot instance is running
2026-06-21 14:43:34 [httpx] INFO: HTTP Request: POST https://api.telegram.org/bot8711216541:AAF0lXqJmvUUf0Q8RGwqFN_BcE3uTVq76cs/getUpdates "HTTP/1.1 200 OK"
2026-06-21 14:43:44 [httpx] INFO: HTTP Request: POST https://api.telegram.org/bot8711216541:AAF0lXqJmvUUf0Q8RGwqFN_BcE3uTVq76cs/getUpdates "HTTP/1.1 200 OK"
2026-06-21 14:43:54 [httpx] INFO: HTTP Request: POST https://api.telegram.org/bot8711216541:AAF0lXqJmvUUf0Q8RGwqFN_BcE3uTVq76cs/getUpdates "HTTP/1.1 200 OK"
2026-06-21 14:43:57 [httpx] INFO: HTTP Request: POST https://api.telegram.org/bot8711216541:AAF0lXqJmvUUf0Q8RGwqFN_BcE3uTVq76cs/getUpdates "HTTP/1.1 409 Conflict"
2026-06-21 14:43:57 [telegram.ext.Application] ERROR: No error handlers are registered, logging exception.
Traceback (most recent call last):
  File "C:\Users\hp\AppData\Local\Programs\Python\Python311\Lib\site-packages\telegram\ext\_utils\networkloop.py", line 161, in network_retry_loop
    await do_action()
  File "C:\Users\hp\AppData\Local\Programs\Python\Python311\Lib\site-packages\telegram\ext\_utils\networkloop.py", line 154, in do_action
    action_cb_task.result()
  File "C:\Users\hp\AppData\Local\Programs\Python\Python311\Lib\site-packages\telegram\ext\_updater.py", line 340, in polling_action_cb
    updates = await self.bot.get_updates(
              ^^^^^^^^^^^^^^^^^^^^^^^^^^^
  File "C:\Users\hp\AppData\Local\Programs\Python\Python311\Lib\site-packages\telegram\ext\_extbot.py", line 672, in get_updates
    updates = await super().get_updates(
              ^^^^^^^^^^^^^^^^^^^^^^^^^^
  File "C:\Users\hp\AppData\Local\Programs\Python\Python311\Lib\site-packages\telegram\_bot.py", line 4865, in get_updates
    await self._post(
  File "C:\Users\hp\AppData\Local\Programs\Python\Python311\Lib\site-packages\telegram\_bot.py", line 704, in _post
    return await self._do_post(
           ^^^^^^^^^^^^^^^^^^^^
  File "C:\Users\hp\AppData\Local\Programs\Python\Python311\Lib\site-packages\telegram\ext\_extbot.py", line 370, in _do_post
    return await super()._do_post(
           ^^^^^^^^^^^^^^^^^^^^^^^
  File "C:\Users\hp\AppData\Local\Programs\Python\Python311\Lib\site-packages\telegram\_bot.py", line 733, in _do_post
    result = await request.post(
             ^^^^^^^^^^^^^^^^^^^
  File "C:\Users\hp\AppData\Local\Programs\Python\Python311\Lib\site-packages\telegram\request\_baserequest.py", line 198, in post
    result = await self._request_wrapper(
             ^^^^^^^^^^^^^^^^^^^^^^^^^^^^
  File "C:\Users\hp\AppData\Local\Programs\Python\Python311\Lib\site-packages\telegram\request\_baserequest.py", line 375, in _request_wrapper
    raise exception
telegram.error.Conflict: Conflict: terminated by other getUpdates request; make sure that only one bot instance is running
2026-06-21 14:44:08 [httpx] INFO: HTTP Request: POST https://api.telegram.org/bot8711216541:AAF0lXqJmvUUf0Q8RGwqFN_BcE3uTVq76cs/getUpdates "HTTP/1.1 200 OK"
2026-06-21 14:44:18 [httpx] INFO: HTTP Request: POST https://api.telegram.org/bot8711216541:AAF0lXqJmvUUf0Q8RGwqFN_BcE3uTVq76cs/getUpdates "HTTP/1.1 200 OK"
2026-06-21 14:44:29 [httpx] INFO: HTTP Request: POST https://api.telegram.org/bot8711216541:AAF0lXqJmvUUf0Q8RGwqFN_BcE3uTVq76cs/getUpdates "HTTP/1.1 200 OK"
2026-06-21 14:44:31 [httpx] INFO: HTTP Request: POST https://api.telegram.org/bot8711216541:AAF0lXqJmvUUf0Q8RGwqFN_BcE3uTVq76cs/getUpdates "HTTP/1.1 409 Conflict"
2026-06-21 14:44:31 [telegram.ext.Application] ERROR: No error handlers are registered, logging exception.
Traceback (most recent call last):
  File "C:\Users\hp\AppData\Local\Programs\Python\Python311\Lib\site-packages\telegram\ext\_utils\networkloop.py", line 161, in network_retry_loop
    await do_action()
  File "C:\Users\hp\AppData\Local\Programs\Python\Python311\Lib\site-packages\telegram\ext\_utils\networkloop.py", line 154, in do_action
    action_cb_task.result()
  File "C:\Users\hp\AppData\Local\Programs\Python\Python311\Lib\site-packages\telegram\ext\_updater.py", line 340, in polling_action_cb
    updates = await self.bot.get_updates(
              ^^^^^^^^^^^^^^^^^^^^^^^^^^^
  File "C:\Users\hp\AppData\Local\Programs\Python\Python311\Lib\site-packages\telegram\ext\_extbot.py", line 672, in get_updates
    updates = await super().get_updates(
              ^^^^^^^^^^^^^^^^^^^^^^^^^^
  File "C:\Users\hp\AppData\Local\Programs\Python\Python311\Lib\site-packages\telegram\_bot.py", line 4865, in get_updates
    await self._post(
  File "C:\Users\hp\AppData\Local\Programs\Python\Python311\Lib\site-packages\telegram\_bot.py", line 704, in _post
    return await self._do_post(
           ^^^^^^^^^^^^^^^^^^^^
  File "C:\Users\hp\AppData\Local\Programs\Python\Python311\Lib\site-packages\telegram\ext\_extbot.py", line 370, in _do_post
    return await super()._do_post(
           ^^^^^^^^^^^^^^^^^^^^^^^
  File "C:\Users\hp\AppData\Local\Programs\Python\Python311\Lib\site-packages\telegram\_bot.py", line 733, in _do_post
    result = await request.post(
             ^^^^^^^^^^^^^^^^^^^
  File "C:\Users\hp\AppData\Local\Programs\Python\Python311\Lib\site-packages\telegram\request\_baserequest.py", line 198, in post
    result = await self._request_wrapper(
             ^^^^^^^^^^^^^^^^^^^^^^^^^^^^
  File "C:\Users\hp\AppData\Local\Programs\Python\Python311\Lib\site-packages\telegram\request\_baserequest.py", line 375, in _request_wrapper
    raise exception
telegram.error.Conflict: Conflict: terminated by other getUpdates request; make sure that only one bot instance is running
2026-06-21 14:44:43 [httpx] INFO: HTTP Request: POST https://api.telegram.org/bot8711216541:AAF0lXqJmvUUf0Q8RGwqFN_BcE3uTVq76cs/getUpdates "HTTP/1.1 200 OK"
2026-06-21 14:44:53 [httpx] INFO: HTTP Request: POST https://api.telegram.org/bot8711216541:AAF0lXqJmvUUf0Q8RGwqFN_BcE3uTVq76cs/getUpdates "HTTP/1.1 200 OK"
2026-06-21 14:45:03 [httpx] INFO: HTTP Request: POST https://api.telegram.org/bot8711216541:AAF0lXqJmvUUf0Q8RGwqFN_BcE3uTVq76cs/getUpdates "HTTP/1.1 200 OK"
2026-06-21 14:45:06 [httpx] INFO: HTTP Request: POST https://api.telegram.org/bot8711216541:AAF0lXqJmvUUf0Q8RGwqFN_BcE3uTVq76cs/getUpdates "HTTP/1.1 409 Conflict"
2026-06-21 14:45:06 [telegram.ext.Application] ERROR: No error handlers are registered, logging exception.
Traceback (most recent call last):
  File "C:\Users\hp\AppData\Local\Programs\Python\Python311\Lib\site-packages\telegram\ext\_utils\networkloop.py", line 161, in network_retry_loop
    await do_action()
  File "C:\Users\hp\AppData\Local\Programs\Python\Python311\Lib\site-packages\telegram\ext\_utils\networkloop.py", line 154, in do_action
    action_cb_task.result()
  File "C:\Users\hp\AppData\Local\Programs\Python\Python311\Lib\site-packages\telegram\ext\_updater.py", line 340, in polling_action_cb
    updates = await self.bot.get_updates(
              ^^^^^^^^^^^^^^^^^^^^^^^^^^^
  File "C:\Users\hp\AppData\Local\Programs\Python\Python311\Lib\site-packages\telegram\ext\_extbot.py", line 672, in get_updates
    updates = await super().get_updates(
              ^^^^^^^^^^^^^^^^^^^^^^^^^^
  File "C:\Users\hp\AppData\Local\Programs\Python\Python311\Lib\site-packages\telegram\_bot.py", line 4865, in get_updates
    await self._post(
  File "C:\Users\hp\AppData\Local\Programs\Python\Python311\Lib\site-packages\telegram\_bot.py", line 704, in _post
    return await self._do_post(
           ^^^^^^^^^^^^^^^^^^^^
  File "C:\Users\hp\AppData\Local\Programs\Python\Python311\Lib\site-packages\telegram\ext\_extbot.py", line 370, in _do_post
    return await super()._do_post(
           ^^^^^^^^^^^^^^^^^^^^^^^
  File "C:\Users\hp\AppData\Local\Programs\Python\Python311\Lib\site-packages\telegram\_bot.py", line 733, in _do_post
    result = await request.post(
             ^^^^^^^^^^^^^^^^^^^
  File "C:\Users\hp\AppData\Local\Programs\Python\Python311\Lib\site-packages\telegram\request\_baserequest.py", line 198, in post
    result = await self._request_wrapper(
             ^^^^^^^^^^^^^^^^^^^^^^^^^^^^
  File "C:\Users\hp\AppData\Local\Programs\Python\Python311\Lib\site-packages\telegram\request\_baserequest.py", line 375, in _request_wrapper
    raise exception
telegram.error.Conflict: Conflict: terminated by other getUpdates request; make sure that only one bot instance is running
2026-06-21 14:45:17 [httpx] INFO: HTTP Request: POST https://api.telegram.org/bot8711216541:AAF0lXqJmvUUf0Q8RGwqFN_BcE3uTVq76cs/getUpdates "HTTP/1.1 200 OK"
2026-06-21 14:45:27 [httpx] INFO: HTTP Request: POST https://api.telegram.org/bot8711216541:AAF0lXqJmvUUf0Q8RGwqFN_BcE3uTVq76cs/getUpdates "HTTP/1.1 200 OK"
2026-06-21 14:45:37 [httpx] INFO: HTTP Request: POST https://api.telegram.org/bot8711216541:AAF0lXqJmvUUf0Q8RGwqFN_BcE3uTVq76cs/getUpdates "HTTP/1.1 200 OK"
2026-06-21 14:45:40 [httpx] INFO: HTTP Request: POST https://api.telegram.org/bot8711216541:AAF0lXqJmvUUf0Q8RGwqFN_BcE3uTVq76cs/getUpdates "HTTP/1.1 409 Conflict"
2026-06-21 14:45:40 [telegram.ext.Application] ERROR: No error handlers are registered, logging exception.
Traceback (most recent call last):
  File "C:\Users\hp\AppData\Local\Programs\Python\Python311\Lib\site-packages\telegram\ext\_utils\networkloop.py", line 161, in network_retry_loop
    await do_action()
  File "C:\Users\hp\AppData\Local\Programs\Python\Python311\Lib\site-packages\telegram\ext\_utils\networkloop.py", line 154, in do_action
    action_cb_task.result()
  File "C:\Users\hp\AppData\Local\Programs\Python\Python311\Lib\site-packages\telegram\ext\_updater.py", line 340, in polling_action_cb
    updates = await self.bot.get_updates(
              ^^^^^^^^^^^^^^^^^^^^^^^^^^^
  File "C:\Users\hp\AppData\Local\Programs\Python\Python311\Lib\site-packages\telegram\ext\_extbot.py", line 672, in get_updates
    updates = await super().get_updates(
              ^^^^^^^^^^^^^^^^^^^^^^^^^^
  File "C:\Users\hp\AppData\Local\Programs\Python\Python311\Lib\site-packages\telegram\_bot.py", line 4865, in get_updates
    await self._post(
  File "C:\Users\hp\AppData\Local\Programs\Python\Python311\Lib\site-packages\telegram\_bot.py", line 704, in _post
    return await self._do_post(
           ^^^^^^^^^^^^^^^^^^^^
  File "C:\Users\hp\AppData\Local\Programs\Python\Python311\Lib\site-packages\telegram\ext\_extbot.py", line 370, in _do_post
    return await super()._do_post(
           ^^^^^^^^^^^^^^^^^^^^^^^
  File "C:\Users\hp\AppData\Local\Programs\Python\Python311\Lib\site-packages\telegram\_bot.py", line 733, in _do_post
    result = await request.post(
             ^^^^^^^^^^^^^^^^^^^
  File "C:\Users\hp\AppData\Local\Programs\Python\Python311\Lib\site-packages\telegram\request\_baserequest.py", line 198, in post
    result = await self._request_wrapper(
             ^^^^^^^^^^^^^^^^^^^^^^^^^^^^
  File "C:\Users\hp\AppData\Local\Programs\Python\Python311\Lib\site-packages\telegram\request\_baserequest.py", line 375, in _request_wrapper
    raise exception
telegram.error.Conflict: Conflict: terminated by other getUpdates request; make sure that only one bot instance is running
2026-06-21 14:45:51 [httpx] INFO: HTTP Request: POST https://api.telegram.org/bot8711216541:AAF0lXqJmvUUf0Q8RGwqFN_BcE3uTVq76cs/getUpdates "HTTP/1.1 200 OK"
2026-06-21 14:46:01 [httpx] INFO: HTTP Request: POST https://api.telegram.org/bot8711216541:AAF0lXqJmvUUf0Q8RGwqFN_BcE3uTVq76cs/getUpdates "HTTP/1.1 200 OK"
2026-06-21 14:46:12 [httpx] INFO: HTTP Request: POST https://api.telegram.org/bot8711216541:AAF0lXqJmvUUf0Q8RGwqFN_BcE3uTVq76cs/getUpdates "HTTP/1.1 200 OK"
2026-06-21 14:46:14 [httpx] INFO: HTTP Request: POST https://api.telegram.org/bot8711216541:AAF0lXqJmvUUf0Q8RGwqFN_BcE3uTVq76cs/getUpdates "HTTP/1.1 409 Conflict"
2026-06-21 14:46:14 [telegram.ext.Application] ERROR: No error handlers are registered, logging exception.
Traceback (most recent call last):
  File "C:\Users\hp\AppData\Local\Programs\Python\Python311\Lib\site-packages\telegram\ext\_utils\networkloop.py", line 161, in network_retry_loop
    await do_action()
  File "C:\Users\hp\AppData\Local\Programs\Python\Python311\Lib\site-packages\telegram\ext\_utils\networkloop.py", line 154, in do_action
    action_cb_task.result()
  File "C:\Users\hp\AppData\Local\Programs\Python\Python311\Lib\site-packages\telegram\ext\_updater.py", line 340, in polling_action_cb
    updates = await self.bot.get_updates(
              ^^^^^^^^^^^^^^^^^^^^^^^^^^^
  File "C:\Users\hp\AppData\Local\Programs\Python\Python311\Lib\site-packages\telegram\ext\_extbot.py", line 672, in get_updates
    updates = await super().get_updates(
              ^^^^^^^^^^^^^^^^^^^^^^^^^^
  File "C:\Users\hp\AppData\Local\Programs\Python\Python311\Lib\site-packages\telegram\_bot.py", line 4865, in get_updates
    await self._post(
  File "C:\Users\hp\AppData\Local\Programs\Python\Python311\Lib\site-packages\telegram\_bot.py", line 704, in _post
    return await self._do_post(
           ^^^^^^^^^^^^^^^^^^^^
  File "C:\Users\hp\AppData\Local\Programs\Python\Python311\Lib\site-packages\telegram\ext\_extbot.py", line 370, in _do_post
    return await super()._do_post(
           ^^^^^^^^^^^^^^^^^^^^^^^
  File "C:\Users\hp\AppData\Local\Programs\Python\Python311\Lib\site-packages\telegram\_bot.py", line 733, in _do_post
    result = await request.post(
             ^^^^^^^^^^^^^^^^^^^
  File "C:\Users\hp\AppData\Local\Programs\Python\Python311\Lib\site-packages\telegram\request\_baserequest.py", line 198, in post
    result = await self._request_wrapper(
             ^^^^^^^^^^^^^^^^^^^^^^^^^^^^
  File "C:\Users\hp\AppData\Local\Programs\Python\Python311\Lib\site-packages\telegram\request\_baserequest.py", line 375, in _request_wrapper
    raise exception
telegram.error.Conflict: Conflict: terminated by other getUpdates request; make sure that only one bot instance is running
2026-06-21 14:46:26 [httpx] INFO: HTTP Request: POST https://api.telegram.org/bot8711216541:AAF0lXqJmvUUf0Q8RGwqFN_BcE3uTVq76cs/getUpdates "HTTP/1.1 200 OK"
2026-06-21 14:46:36 [httpx] INFO: HTTP Request: POST https://api.telegram.org/bot8711216541:AAF0lXqJmvUUf0Q8RGwqFN_BcE3uTVq76cs/getUpdates "HTTP/1.1 200 OK"
2026-06-21 14:46:46 [httpx] INFO: HTTP Request: POST https://api.telegram.org/bot8711216541:AAF0lXqJmvUUf0Q8RGwqFN_BcE3uTVq76cs/getUpdates "HTTP/1.1 200 OK"
2026-06-21 14:46:49 [httpx] INFO: HTTP Request: POST https://api.telegram.org/bot8711216541:AAF0lXqJmvUUf0Q8RGwqFN_BcE3uTVq76cs/getUpdates "HTTP/1.1 409 Conflict"
2026-06-21 14:46:49 [telegram.ext.Application] ERROR: No error handlers are registered, logging exception.
Traceback (most recent call last):
  File "C:\Users\hp\AppData\Local\Programs\Python\Python311\Lib\site-packages\telegram\ext\_utils\networkloop.py", line 161, in network_retry_loop
    await do_action()
  File "C:\Users\hp\AppData\Local\Programs\Python\Python311\Lib\site-packages\telegram\ext\_utils\networkloop.py", line 154, in do_action
    action_cb_task.result()
  File "C:\Users\hp\AppData\Local\Programs\Python\Python311\Lib\site-packages\telegram\ext\_updater.py", line 340, in polling_action_cb
    updates = await self.bot.get_updates(
              ^^^^^^^^^^^^^^^^^^^^^^^^^^^
  File "C:\Users\hp\AppData\Local\Programs\Python\Python311\Lib\site-packages\telegram\ext\_extbot.py", line 672, in get_updates
    updates = await super().get_updates(
              ^^^^^^^^^^^^^^^^^^^^^^^^^^
  File "C:\Users\hp\AppData\Local\Programs\Python\Python311\Lib\site-packages\telegram\_bot.py", line 4865, in get_updates
    await self._post(
  File "C:\Users\hp\AppData\Local\Programs\Python\Python311\Lib\site-packages\telegram\_bot.py", line 704, in _post
    return await self._do_post(
           ^^^^^^^^^^^^^^^^^^^^
  File "C:\Users\hp\AppData\Local\Programs\Python\Python311\Lib\site-packages\telegram\ext\_extbot.py", line 370, in _do_post
    return await super()._do_post(
           ^^^^^^^^^^^^^^^^^^^^^^^
  File "C:\Users\hp\AppData\Local\Programs\Python\Python311\Lib\site-packages\telegram\_bot.py", line 733, in _do_post
    result = await request.post(
             ^^^^^^^^^^^^^^^^^^^
  File "C:\Users\hp\AppData\Local\Programs\Python\Python311\Lib\site-packages\telegram\request\_baserequest.py", line 198, in post
    result = await self._request_wrapper(
             ^^^^^^^^^^^^^^^^^^^^^^^^^^^^
  File "C:\Users\hp\AppData\Local\Programs\Python\Python311\Lib\site-packages\telegram\request\_baserequest.py", line 375, in _request_wrapper
    raise exception
telegram.error.Conflict: Conflict: terminated by other getUpdates request; make sure that only one bot instance is running
2026-06-21 14:47:00 [httpx] INFO: HTTP Request: POST https://api.telegram.org/bot8711216541:AAF0lXqJmvUUf0Q8RGwqFN_BcE3uTVq76cs/getUpdates "HTTP/1.1 200 OK"
2026-06-21 14:47:10 [httpx] INFO: HTTP Request: POST https://api.telegram.org/bot8711216541:AAF0lXqJmvUUf0Q8RGwqFN_BcE3uTVq76cs/getUpdates "HTTP/1.1 200 OK"
2026-06-21 14:47:20 [httpx] INFO: HTTP Request: POST https://api.telegram.org/bot8711216541:AAF0lXqJmvUUf0Q8RGwqFN_BcE3uTVq76cs/getUpdates "HTTP/1.1 200 OK"
2026-06-21 14:47:23 [httpx] INFO: HTTP Request: POST https://api.telegram.org/bot8711216541:AAF0lXqJmvUUf0Q8RGwqFN_BcE3uTVq76cs/getUpdates "HTTP/1.1 409 Conflict"
2026-06-21 14:47:23 [telegram.ext.Application] ERROR: No error handlers are registered, logging exception.
Traceback (most recent call last):
  File "C:\Users\hp\AppData\Local\Programs\Python\Python311\Lib\site-packages\telegram\ext\_utils\networkloop.py", line 161, in network_retry_loop
    await do_action()
  File "C:\Users\hp\AppData\Local\Programs\Python\Python311\Lib\site-packages\telegram\ext\_utils\networkloop.py", line 154, in do_action
    action_cb_task.result()
  File "C:\Users\hp\AppData\Local\Programs\Python\Python311\Lib\site-packages\telegram\ext\_updater.py", line 340, in polling_action_cb
    updates = await self.bot.get_updates(
              ^^^^^^^^^^^^^^^^^^^^^^^^^^^
  File "C:\Users\hp\AppData\Local\Programs\Python\Python311\Lib\site-packages\telegram\ext\_extbot.py", line 672, in get_updates
    updates = await super().get_updates(
              ^^^^^^^^^^^^^^^^^^^^^^^^^^
  File "C:\Users\hp\AppData\Local\Programs\Python\Python311\Lib\site-packages\telegram\_bot.py", line 4865, in get_updates
    await self._post(
  File "C:\Users\hp\AppData\Local\Programs\Python\Python311\Lib\site-packages\telegram\_bot.py", line 704, in _post
    return await self._do_post(
           ^^^^^^^^^^^^^^^^^^^^
  File "C:\Users\hp\AppData\Local\Programs\Python\Python311\Lib\site-packages\telegram\ext\_extbot.py", line 370, in _do_post
    return await super()._do_post(
           ^^^^^^^^^^^^^^^^^^^^^^^
  File "C:\Users\hp\AppData\Local\Programs\Python\Python311\Lib\site-packages\telegram\_bot.py", line 733, in _do_post
    result = await request.post(
             ^^^^^^^^^^^^^^^^^^^
  File "C:\Users\hp\AppData\Local\Programs\Python\Python311\Lib\site-packages\telegram\request\_baserequest.py", line 198, in post
    result = await self._request_wrapper(
             ^^^^^^^^^^^^^^^^^^^^^^^^^^^^
  File "C:\Users\hp\AppData\Local\Programs\Python\Python311\Lib\site-packages\telegram\request\_baserequest.py", line 375, in _request_wrapper
    raise exception
telegram.error.Conflict: Conflict: terminated by other getUpdates request; make sure that only one bot instance is running
2026-06-21 14:47:34 [httpx] INFO: HTTP Request: POST https://api.telegram.org/bot8711216541:AAF0lXqJmvUUf0Q8RGwqFN_BcE3uTVq76cs/getUpdates "HTTP/1.1 200 OK"
2026-06-21 14:47:44 [httpx] INFO: HTTP Request: POST https://api.telegram.org/bot8711216541:AAF0lXqJmvUUf0Q8RGwqFN_BcE3uTVq76cs/getUpdates "HTTP/1.1 200 OK"
2026-06-21 14:47:55 [httpx] INFO: HTTP Request: POST https://api.telegram.org/bot8711216541:AAF0lXqJmvUUf0Q8RGwqFN_BcE3uTVq76cs/getUpdates "HTTP/1.1 200 OK"
2026-06-21 14:47:57 [httpx] INFO: HTTP Request: POST https://api.telegram.org/bot8711216541:AAF0lXqJmvUUf0Q8RGwqFN_BcE3uTVq76cs/getUpdates "HTTP/1.1 409 Conflict"
2026-06-21 14:47:57 [telegram.ext.Application] ERROR: No error handlers are registered, logging exception.
Traceback (most recent call last):
  File "C:\Users\hp\AppData\Local\Programs\Python\Python311\Lib\site-packages\telegram\ext\_utils\networkloop.py", line 161, in network_retry_loop
    await do_action()
  File "C:\Users\hp\AppData\Local\Programs\Python\Python311\Lib\site-packages\telegram\ext\_utils\networkloop.py", line 154, in do_action
    action_cb_task.result()
  File "C:\Users\hp\AppData\Local\Programs\Python\Python311\Lib\site-packages\telegram\ext\_updater.py", line 340, in polling_action_cb
    updates = await self.bot.get_updates(
              ^^^^^^^^^^^^^^^^^^^^^^^^^^^
  File "C:\Users\hp\AppData\Local\Programs\Python\Python311\Lib\site-packages\telegram\ext\_extbot.py", line 672, in get_updates
    updates = await super().get_updates(
              ^^^^^^^^^^^^^^^^^^^^^^^^^^
  File "C:\Users\hp\AppData\Local\Programs\Python\Python311\Lib\site-packages\telegram\_bot.py", line 4865, in get_updates
    await self._post(
  File "C:\Users\hp\AppData\Local\Programs\Python\Python311\Lib\site-packages\telegram\_bot.py", line 704, in _post
    return await self._do_post(
           ^^^^^^^^^^^^^^^^^^^^
  File "C:\Users\hp\AppData\Local\Programs\Python\Python311\Lib\site-packages\telegram\ext\_extbot.py", line 370, in _do_post
    return await super()._do_post(
           ^^^^^^^^^^^^^^^^^^^^^^^
  File "C:\Users\hp\AppData\Local\Programs\Python\Python311\Lib\site-packages\telegram\_bot.py", line 733, in _do_post
    result = await request.post(
             ^^^^^^^^^^^^^^^^^^^
  File "C:\Users\hp\AppData\Local\Programs\Python\Python311\Lib\site-packages\telegram\request\_baserequest.py", line 198, in post
    result = await self._request_wrapper(
             ^^^^^^^^^^^^^^^^^^^^^^^^^^^^
  File "C:\Users\hp\AppData\Local\Programs\Python\Python311\Lib\site-packages\telegram\request\_baserequest.py", line 375, in _request_wrapper
    raise exception
telegram.error.Conflict: Conflict: terminated by other getUpdates request; make sure that only one bot instance is running
2026-06-21 14:48:09 [httpx] INFO: HTTP Request: POST https://api.telegram.org/bot8711216541:AAF0lXqJmvUUf0Q8RGwqFN_BcE3uTVq76cs/getUpdates "HTTP/1.1 200 OK"
2026-06-21 14:48:19 [httpx] INFO: HTTP Request: POST https://api.telegram.org/bot8711216541:AAF0lXqJmvUUf0Q8RGwqFN_BcE3uTVq76cs/getUpdates "HTTP/1.1 200 OK"
2026-06-21 14:48:29 [httpx] INFO: HTTP Request: POST https://api.telegram.org/bot8711216541:AAF0lXqJmvUUf0Q8RGwqFN_BcE3uTVq76cs/getUpdates "HTTP/1.1 200 OK"
2026-06-21 14:48:32 [httpx] INFO: HTTP Request: POST https://api.telegram.org/bot8711216541:AAF0lXqJmvUUf0Q8RGwqFN_BcE3uTVq76cs/getUpdates "HTTP/1.1 409 Conflict"
2026-06-21 14:48:32 [telegram.ext.Application] ERROR: No error handlers are registered, logging exception.
Traceback (most recent call last):
  File "C:\Users\hp\AppData\Local\Programs\Python\Python311\Lib\site-packages\telegram\ext\_utils\networkloop.py", line 161, in network_retry_loop
    await do_action()
  File "C:\Users\hp\AppData\Local\Programs\Python\Python311\Lib\site-packages\telegram\ext\_utils\networkloop.py", line 154, in do_action
    action_cb_task.result()
  File "C:\Users\hp\AppData\Local\Programs\Python\Python311\Lib\site-packages\telegram\ext\_updater.py", line 340, in polling_action_cb
    updates = await self.bot.get_updates(
              ^^^^^^^^^^^^^^^^^^^^^^^^^^^
  File "C:\Users\hp\AppData\Local\Programs\Python\Python311\Lib\site-packages\telegram\ext\_extbot.py", line 672, in get_updates
    updates = await super().get_updates(
              ^^^^^^^^^^^^^^^^^^^^^^^^^^
  File "C:\Users\hp\AppData\Local\Programs\Python\Python311\Lib\site-packages\telegram\_bot.py", line 4865, in get_updates
    await self._post(
  File "C:\Users\hp\AppData\Local\Programs\Python\Python311\Lib\site-packages\telegram\_bot.py", line 704, in _post
    return await self._do_post(
           ^^^^^^^^^^^^^^^^^^^^
  File "C:\Users\hp\AppData\Local\Programs\Python\Python311\Lib\site-packages\telegram\ext\_extbot.py", line 370, in _do_post
    return await super()._do_post(
           ^^^^^^^^^^^^^^^^^^^^^^^
  File "C:\Users\hp\AppData\Local\Programs\Python\Python311\Lib\site-packages\telegram\_bot.py", line 733, in _do_post
    result = await request.post(
             ^^^^^^^^^^^^^^^^^^^
  File "C:\Users\hp\AppData\Local\Programs\Python\Python311\Lib\site-packages\telegram\request\_baserequest.py", line 198, in post
    result = await self._request_wrapper(
             ^^^^^^^^^^^^^^^^^^^^^^^^^^^^
  File "C:\Users\hp\AppData\Local\Programs\Python\Python311\Lib\site-packages\telegram\request\_baserequest.py", line 375, in _request_wrapper
    raise exception
telegram.error.Conflict: Conflict: terminated by other getUpdates request; make sure that only one bot instance is running
2026-06-21 14:48:43 [httpx] INFO: HTTP Request: POST https://api.telegram.org/bot8711216541:AAF0lXqJmvUUf0Q8RGwqFN_BcE3uTVq76cs/getUpdates "HTTP/1.1 200 OK"
2026-06-21 14:48:53 [httpx] INFO: HTTP Request: POST https://api.telegram.org/bot8711216541:AAF0lXqJmvUUf0Q8RGwqFN_BcE3uTVq76cs/getUpdates "HTTP/1.1 200 OK"
2026-06-21 14:49:03 [httpx] INFO: HTTP Request: POST https://api.telegram.org/bot8711216541:AAF0lXqJmvUUf0Q8RGwqFN_BcE3uTVq76cs/getUpdates "HTTP/1.1 200 OK"
2026-06-21 14:49:06 [httpx] INFO: HTTP Request: POST https://api.telegram.org/bot8711216541:AAF0lXqJmvUUf0Q8RGwqFN_BcE3uTVq76cs/getUpdates "HTTP/1.1 409 Conflict"
2026-06-21 14:49:06 [telegram.ext.Application] ERROR: No error handlers are registered, logging exception.
Traceback (most recent call last):
  File "C:\Users\hp\AppData\Local\Programs\Python\Python311\Lib\site-packages\telegram\ext\_utils\networkloop.py", line 161, in network_retry_loop
    await do_action()
  File "C:\Users\hp\AppData\Local\Programs\Python\Python311\Lib\site-packages\telegram\ext\_utils\networkloop.py", line 154, in do_action
    action_cb_task.result()
  File "C:\Users\hp\AppData\Local\Programs\Python\Python311\Lib\site-packages\telegram\ext\_updater.py", line 340, in polling_action_cb
    updates = await self.bot.get_updates(
              ^^^^^^^^^^^^^^^^^^^^^^^^^^^
  File "C:\Users\hp\AppData\Local\Programs\Python\Python311\Lib\site-packages\telegram\ext\_extbot.py", line 672, in get_updates
    updates = await super().get_updates(
              ^^^^^^^^^^^^^^^^^^^^^^^^^^
  File "C:\Users\hp\AppData\Local\Programs\Python\Python311\Lib\site-packages\telegram\_bot.py", line 4865, in get_updates
    await self._post(
  File "C:\Users\hp\AppData\Local\Programs\Python\Python311\Lib\site-packages\telegram\_bot.py", line 704, in _post
    return await self._do_post(
           ^^^^^^^^^^^^^^^^^^^^
  File "C:\Users\hp\AppData\Local\Programs\Python\Python311\Lib\site-packages\telegram\ext\_extbot.py", line 370, in _do_post
    return await super()._do_post(
           ^^^^^^^^^^^^^^^^^^^^^^^
  File "C:\Users\hp\AppData\Local\Programs\Python\Python311\Lib\site-packages\telegram\_bot.py", line 733, in _do_post
    result = await request.post(
             ^^^^^^^^^^^^^^^^^^^
  File "C:\Users\hp\AppData\Local\Programs\Python\Python311\Lib\site-packages\telegram\request\_baserequest.py", line 198, in post
    result = await self._request_wrapper(
             ^^^^^^^^^^^^^^^^^^^^^^^^^^^^
  File "C:\Users\hp\AppData\Local\Programs\Python\Python311\Lib\site-packages\telegram\request\_baserequest.py", line 375, in _request_wrapper
    raise exception
telegram.error.Conflict: Conflict: terminated by other getUpdates request; make sure that only one bot instance is running
2026-06-21 14:49:17 [httpx] INFO: HTTP Request: POST https://api.telegram.org/bot8711216541:AAF0lXqJmvUUf0Q8RGwqFN_BcE3uTVq76cs/getUpdates "HTTP/1.1 200 OK"
2026-06-21 14:49:27 [httpx] INFO: HTTP Request: POST https://api.telegram.org/bot8711216541:AAF0lXqJmvUUf0Q8RGwqFN_BcE3uTVq76cs/getUpdates "HTTP/1.1 200 OK"
2026-06-21 14:49:38 [httpx] INFO: HTTP Request: POST https://api.telegram.org/bot8711216541:AAF0lXqJmvUUf0Q8RGwqFN_BcE3uTVq76cs/getUpdates "HTTP/1.1 200 OK"
2026-06-21 14:49:40 [httpx] INFO: HTTP Request: POST https://api.telegram.org/bot8711216541:AAF0lXqJmvUUf0Q8RGwqFN_BcE3uTVq76cs/getUpdates "HTTP/1.1 409 Conflict"
2026-06-21 14:49:40 [telegram.ext.Application] ERROR: No error handlers are registered, logging exception.
Traceback (most recent call last):
  File "C:\Users\hp\AppData\Local\Programs\Python\Python311\Lib\site-packages\telegram\ext\_utils\networkloop.py", line 161, in network_retry_loop
    await do_action()
  File "C:\Users\hp\AppData\Local\Programs\Python\Python311\Lib\site-packages\telegram\ext\_utils\networkloop.py", line 154, in do_action
    action_cb_task.result()
  File "C:\Users\hp\AppData\Local\Programs\Python\Python311\Lib\site-packages\telegram\ext\_updater.py", line 340, in polling_action_cb
    updates = await self.bot.get_updates(
              ^^^^^^^^^^^^^^^^^^^^^^^^^^^
  File "C:\Users\hp\AppData\Local\Programs\Python\Python311\Lib\site-packages\telegram\ext\_extbot.py", line 672, in get_updates
    updates = await super().get_updates(
              ^^^^^^^^^^^^^^^^^^^^^^^^^^
  File "C:\Users\hp\AppData\Local\Programs\Python\Python311\Lib\site-packages\telegram\_bot.py", line 4865, in get_updates
    await self._post(
  File "C:\Users\hp\AppData\Local\Programs\Python\Python311\Lib\site-packages\telegram\_bot.py", line 704, in _post
    return await self._do_post(
           ^^^^^^^^^^^^^^^^^^^^
  File "C:\Users\hp\AppData\Local\Programs\Python\Python311\Lib\site-packages\telegram\ext\_extbot.py", line 370, in _do_post
    return await super()._do_post(
           ^^^^^^^^^^^^^^^^^^^^^^^
  File "C:\Users\hp\AppData\Local\Programs\Python\Python311\Lib\site-packages\telegram\_bot.py", line 733, in _do_post
    result = await request.post(
             ^^^^^^^^^^^^^^^^^^^
  File "C:\Users\hp\AppData\Local\Programs\Python\Python311\Lib\site-packages\telegram\request\_baserequest.py", line 198, in post
    result = await self._request_wrapper(
             ^^^^^^^^^^^^^^^^^^^^^^^^^^^^
  File "C:\Users\hp\AppData\Local\Programs\Python\Python311\Lib\site-packages\telegram\request\_baserequest.py", line 375, in _request_wrapper
    raise exception
telegram.error.Conflict: Conflict: terminated by other getUpdates request; make sure that only one bot instance is running
2026-06-21 14:49:51 [httpx] INFO: HTTP Request: POST https://api.telegram.org/bot8711216541:AAF0lXqJmvUUf0Q8RGwqFN_BcE3uTVq76cs/getUpdates "HTTP/1.1 200 OK"
2026-06-21 14:50:02 [httpx] INFO: HTTP Request: POST https://api.telegram.org/bot8711216541:AAF0lXqJmvUUf0Q8RGwqFN_BcE3uTVq76cs/getUpdates "HTTP/1.1 200 OK"
2026-06-21 14:50:12 [httpx] INFO: HTTP Request: POST https://api.telegram.org/bot8711216541:AAF0lXqJmvUUf0Q8RGwqFN_BcE3uTVq76cs/getUpdates "HTTP/1.1 200 OK"
2026-06-21 14:50:15 [httpx] INFO: HTTP Request: POST https://api.telegram.org/bot8711216541:AAF0lXqJmvUUf0Q8RGwqFN_BcE3uTVq76cs/getUpdates "HTTP/1.1 409 Conflict"
2026-06-21 14:50:15 [telegram.ext.Application] ERROR: No error handlers are registered, logging exception.
Traceback (most recent call last):
  File "C:\Users\hp\AppData\Local\Programs\Python\Python311\Lib\site-packages\telegram\ext\_utils\networkloop.py", line 161, in network_retry_loop
    await do_action()
  File "C:\Users\hp\AppData\Local\Programs\Python\Python311\Lib\site-packages\telegram\ext\_utils\networkloop.py", line 154, in do_action
    action_cb_task.result()
  File "C:\Users\hp\AppData\Local\Programs\Python\Python311\Lib\site-packages\telegram\ext\_updater.py", line 340, in polling_action_cb
    updates = await self.bot.get_updates(
              ^^^^^^^^^^^^^^^^^^^^^^^^^^^
  File "C:\Users\hp\AppData\Local\Programs\Python\Python311\Lib\site-packages\telegram\ext\_extbot.py", line 672, in get_updates
    updates = await super().get_updates(
              ^^^^^^^^^^^^^^^^^^^^^^^^^^
  File "C:\Users\hp\AppData\Local\Programs\Python\Python311\Lib\site-packages\telegram\_bot.py", line 4865, in get_updates
    await self._post(
  File "C:\Users\hp\AppData\Local\Programs\Python\Python311\Lib\site-packages\telegram\_bot.py", line 704, in _post
    return await self._do_post(
           ^^^^^^^^^^^^^^^^^^^^
  File "C:\Users\hp\AppData\Local\Programs\Python\Python311\Lib\site-packages\telegram\ext\_extbot.py", line 370, in _do_post
    return await super()._do_post(
           ^^^^^^^^^^^^^^^^^^^^^^^
  File "C:\Users\hp\AppData\Local\Programs\Python\Python311\Lib\site-packages\telegram\_bot.py", line 733, in _do_post
    result = await request.post(
             ^^^^^^^^^^^^^^^^^^^
  File "C:\Users\hp\AppData\Local\Programs\Python\Python311\Lib\site-packages\telegram\request\_baserequest.py", line 198, in post
    result = await self._request_wrapper(
             ^^^^^^^^^^^^^^^^^^^^^^^^^^^^
  File "C:\Users\hp\AppData\Local\Programs\Python\Python311\Lib\site-packages\telegram\request\_baserequest.py", line 375, in _request_wrapper
    raise exception
telegram.error.Conflict: Conflict: terminated by other getUpdates request; make sure that only one bot instance is running
2026-06-21 14:50:26 [httpx] INFO: HTTP Request: POST https://api.telegram.org/bot8711216541:AAF0lXqJmvUUf0Q8RGwqFN_BcE3uTVq76cs/getUpdates "HTTP/1.1 200 OK"
2026-06-21 14:50:36 [httpx] INFO: HTTP Request: POST https://api.telegram.org/bot8711216541:AAF0lXqJmvUUf0Q8RGwqFN_BcE3uTVq76cs/getUpdates "HTTP/1.1 200 OK"
2026-06-21 14:50:46 [httpx] INFO: HTTP Request: POST https://api.telegram.org/bot8711216541:AAF0lXqJmvUUf0Q8RGwqFN_BcE3uTVq76cs/getUpdates "HTTP/1.1 200 OK"
2026-06-21 14:50:49 [httpx] INFO: HTTP Request: POST https://api.telegram.org/bot8711216541:AAF0lXqJmvUUf0Q8RGwqFN_BcE3uTVq76cs/getUpdates "HTTP/1.1 409 Conflict"
2026-06-21 14:50:49 [telegram.ext.Application] ERROR: No error handlers are registered, logging exception.
Traceback (most recent call last):
  File "C:\Users\hp\AppData\Local\Programs\Python\Python311\Lib\site-packages\telegram\ext\_utils\networkloop.py", line 161, in network_retry_loop
    await do_action()
  File "C:\Users\hp\AppData\Local\Programs\Python\Python311\Lib\site-packages\telegram\ext\_utils\networkloop.py", line 154, in do_action
    action_cb_task.result()
  File "C:\Users\hp\AppData\Local\Programs\Python\Python311\Lib\site-packages\telegram\ext\_updater.py", line 340, in polling_action_cb
    updates = await self.bot.get_updates(
              ^^^^^^^^^^^^^^^^^^^^^^^^^^^
  File "C:\Users\hp\AppData\Local\Programs\Python\Python311\Lib\site-packages\telegram\ext\_extbot.py", line 672, in get_updates
    updates = await super().get_updates(
              ^^^^^^^^^^^^^^^^^^^^^^^^^^
  File "C:\Users\hp\AppData\Local\Programs\Python\Python311\Lib\site-packages\telegram\_bot.py", line 4865, in get_updates
    await self._post(
  File "C:\Users\hp\AppData\Local\Programs\Python\Python311\Lib\site-packages\telegram\_bot.py", line 704, in _post
    return await self._do_post(
           ^^^^^^^^^^^^^^^^^^^^
  File "C:\Users\hp\AppData\Local\Programs\Python\Python311\Lib\site-packages\telegram\ext\_extbot.py", line 370, in _do_post
    return await super()._do_post(
           ^^^^^^^^^^^^^^^^^^^^^^^
  File "C:\Users\hp\AppData\Local\Programs\Python\Python311\Lib\site-packages\telegram\_bot.py", line 733, in _do_post
    result = await request.post(
             ^^^^^^^^^^^^^^^^^^^
  File "C:\Users\hp\AppData\Local\Programs\Python\Python311\Lib\site-packages\telegram\request\_baserequest.py", line 198, in post
    result = await self._request_wrapper(
             ^^^^^^^^^^^^^^^^^^^^^^^^^^^^
  File "C:\Users\hp\AppData\Local\Programs\Python\Python311\Lib\site-packages\telegram\request\_baserequest.py", line 375, in _request_wrapper
    raise exception
telegram.error.Conflict: Conflict: terminated by other getUpdates request; make sure that only one bot instance is running
2026-06-21 14:51:00 [httpx] INFO: HTTP Request: POST https://api.telegram.org/bot8711216541:AAF0lXqJmvUUf0Q8RGwqFN_BcE3uTVq76cs/getUpdates "HTTP/1.1 200 OK"
2026-06-21 14:51:10 [httpx] INFO: HTTP Request: POST https://api.telegram.org/bot8711216541:AAF0lXqJmvUUf0Q8RGwqFN_BcE3uTVq76cs/getUpdates "HTTP/1.1 200 OK"
2026-06-21 14:51:21 [httpx] INFO: HTTP Request: POST https://api.telegram.org/bot8711216541:AAF0lXqJmvUUf0Q8RGwqFN_BcE3uTVq76cs/getUpdates "HTTP/1.1 200 OK"
2026-06-21 14:51:23 [httpx] INFO: HTTP Request: POST https://api.telegram.org/bot8711216541:AAF0lXqJmvUUf0Q8RGwqFN_BcE3uTVq76cs/getUpdates "HTTP/1.1 409 Conflict"
2026-06-21 14:51:23 [telegram.ext.Application] ERROR: No error handlers are registered, logging exception.
Traceback (most recent call last):
  File "C:\Users\hp\AppData\Local\Programs\Python\Python311\Lib\site-packages\telegram\ext\_utils\networkloop.py", line 161, in network_retry_loop
    await do_action()
  File "C:\Users\hp\AppData\Local\Programs\Python\Python311\Lib\site-packages\telegram\ext\_utils\networkloop.py", line 154, in do_action
    action_cb_task.result()
  File "C:\Users\hp\AppData\Local\Programs\Python\Python311\Lib\site-packages\telegram\ext\_updater.py", line 340, in polling_action_cb
    updates = await self.bot.get_updates(
              ^^^^^^^^^^^^^^^^^^^^^^^^^^^
  File "C:\Users\hp\AppData\Local\Programs\Python\Python311\Lib\site-packages\telegram\ext\_extbot.py", line 672, in get_updates
    updates = await super().get_updates(
              ^^^^^^^^^^^^^^^^^^^^^^^^^^
  File "C:\Users\hp\AppData\Local\Programs\Python\Python311\Lib\site-packages\telegram\_bot.py", line 4865, in get_updates
    await self._post(
  File "C:\Users\hp\AppData\Local\Programs\Python\Python311\Lib\site-packages\telegram\_bot.py", line 704, in _post
    return await self._do_post(
           ^^^^^^^^^^^^^^^^^^^^
  File "C:\Users\hp\AppData\Local\Programs\Python\Python311\Lib\site-packages\telegram\ext\_extbot.py", line 370, in _do_post
    return await super()._do_post(
           ^^^^^^^^^^^^^^^^^^^^^^^
  File "C:\Users\hp\AppData\Local\Programs\Python\Python311\Lib\site-packages\telegram\_bot.py", line 733, in _do_post
    result = await request.post(
             ^^^^^^^^^^^^^^^^^^^
  File "C:\Users\hp\AppData\Local\Programs\Python\Python311\Lib\site-packages\telegram\request\_baserequest.py", line 198, in post
    result = await self._request_wrapper(
             ^^^^^^^^^^^^^^^^^^^^^^^^^^^^
  File "C:\Users\hp\AppData\Local\Programs\Python\Python311\Lib\site-packages\telegram\request\_baserequest.py", line 375, in _request_wrapper
    raise exception
telegram.error.Conflict: Conflict: terminated by other getUpdates request; make sure that only one bot instance is running
2026-06-21 14:51:34 [httpx] INFO: HTTP Request: POST https://api.telegram.org/bot8711216541:AAF0lXqJmvUUf0Q8RGwqFN_BcE3uTVq76cs/getUpdates "HTTP/1.1 200 OK"
2026-06-21 14:51:45 [httpx] INFO: HTTP Request: POST https://api.telegram.org/bot8711216541:AAF0lXqJmvUUf0Q8RGwqFN_BcE3uTVq76cs/getUpdates "HTTP/1.1 200 OK"
2026-06-21 14:51:55 [httpx] INFO: HTTP Request: POST https://api.telegram.org/bot8711216541:AAF0lXqJmvUUf0Q8RGwqFN_BcE3uTVq76cs/getUpdates "HTTP/1.1 200 OK"
2026-06-21 14:51:58 [httpx] INFO: HTTP Request: POST https://api.telegram.org/bot8711216541:AAF0lXqJmvUUf0Q8RGwqFN_BcE3uTVq76cs/getUpdates "HTTP/1.1 409 Conflict"
2026-06-21 14:51:58 [telegram.ext.Application] ERROR: No error handlers are registered, logging exception.
Traceback (most recent call last):
  File "C:\Users\hp\AppData\Local\Programs\Python\Python311\Lib\site-packages\telegram\ext\_utils\networkloop.py", line 161, in network_retry_loop
    await do_action()
  File "C:\Users\hp\AppData\Local\Programs\Python\Python311\Lib\site-packages\telegram\ext\_utils\networkloop.py", line 154, in do_action
    action_cb_task.result()
  File "C:\Users\hp\AppData\Local\Programs\Python\Python311\Lib\site-packages\telegram\ext\_updater.py", line 340, in polling_action_cb
    updates = await self.bot.get_updates(
              ^^^^^^^^^^^^^^^^^^^^^^^^^^^
  File "C:\Users\hp\AppData\Local\Programs\Python\Python311\Lib\site-packages\telegram\ext\_extbot.py", line 672, in get_updates
    updates = await super().get_updates(
              ^^^^^^^^^^^^^^^^^^^^^^^^^^
  File "C:\Users\hp\AppData\Local\Programs\Python\Python311\Lib\site-packages\telegram\_bot.py", line 4865, in get_updates
    await self._post(
  File "C:\Users\hp\AppData\Local\Programs\Python\Python311\Lib\site-packages\telegram\_bot.py", line 704, in _post
    return await self._do_post(
           ^^^^^^^^^^^^^^^^^^^^
  File "C:\Users\hp\AppData\Local\Programs\Python\Python311\Lib\site-packages\telegram\ext\_extbot.py", line 370, in _do_post
    return await super()._do_post(
           ^^^^^^^^^^^^^^^^^^^^^^^
  File "C:\Users\hp\AppData\Local\Programs\Python\Python311\Lib\site-packages\telegram\_bot.py", line 733, in _do_post
    result = await request.post(
             ^^^^^^^^^^^^^^^^^^^
  File "C:\Users\hp\AppData\Local\Programs\Python\Python311\Lib\site-packages\telegram\request\_baserequest.py", line 198, in post
    result = await self._request_wrapper(
             ^^^^^^^^^^^^^^^^^^^^^^^^^^^^
  File "C:\Users\hp\AppData\Local\Programs\Python\Python311\Lib\site-packages\telegram\request\_baserequest.py", line 375, in _request_wrapper
    raise exception
telegram.error.Conflict: Conflict: terminated by other getUpdates request; make sure that only one bot instance is running
2026-06-21 14:52:09 [httpx] INFO: HTTP Request: POST https://api.telegram.org/bot8711216541:AAF0lXqJmvUUf0Q8RGwqFN_BcE3uTVq76cs/getUpdates "HTTP/1.1 200 OK"
2026-06-21 14:52:19 [httpx] INFO: HTTP Request: POST https://api.telegram.org/bot8711216541:AAF0lXqJmvUUf0Q8RGwqFN_BcE3uTVq76cs/getUpdates "HTTP/1.1 200 OK"
2026-06-21 14:52:29 [httpx] INFO: HTTP Request: POST https://api.telegram.org/bot8711216541:AAF0lXqJmvUUf0Q8RGwqFN_BcE3uTVq76cs/getUpdates "HTTP/1.1 200 OK"
2026-06-21 14:52:32 [httpx] INFO: HTTP Request: POST https://api.telegram.org/bot8711216541:AAF0lXqJmvUUf0Q8RGwqFN_BcE3uTVq76cs/getUpdates "HTTP/1.1 409 Conflict"
2026-06-21 14:52:32 [telegram.ext.Application] ERROR: No error handlers are registered, logging exception.
Traceback (most recent call last):
  File "C:\Users\hp\AppData\Local\Programs\Python\Python311\Lib\site-packages\telegram\ext\_utils\networkloop.py", line 161, in network_retry_loop
    await do_action()
  File "C:\Users\hp\AppData\Local\Programs\Python\Python311\Lib\site-packages\telegram\ext\_utils\networkloop.py", line 154, in do_action
    action_cb_task.result()
  File "C:\Users\hp\AppData\Local\Programs\Python\Python311\Lib\site-packages\telegram\ext\_updater.py", line 340, in polling_action_cb
    updates = await self.bot.get_updates(
              ^^^^^^^^^^^^^^^^^^^^^^^^^^^
  File "C:\Users\hp\AppData\Local\Programs\Python\Python311\Lib\site-packages\telegram\ext\_extbot.py", line 672, in get_updates
    updates = await super().get_updates(
              ^^^^^^^^^^^^^^^^^^^^^^^^^^
  File "C:\Users\hp\AppData\Local\Programs\Python\Python311\Lib\site-packages\telegram\_bot.py", line 4865, in get_updates
    await self._post(
  File "C:\Users\hp\AppData\Local\Programs\Python\Python311\Lib\site-packages\telegram\_bot.py", line 704, in _post
    return await self._do_post(
           ^^^^^^^^^^^^^^^^^^^^
  File "C:\Users\hp\AppData\Local\Programs\Python\Python311\Lib\site-packages\telegram\ext\_extbot.py", line 370, in _do_post
    return await super()._do_post(
           ^^^^^^^^^^^^^^^^^^^^^^^
  File "C:\Users\hp\AppData\Local\Programs\Python\Python311\Lib\site-packages\telegram\_bot.py", line 733, in _do_post
    result = await request.post(
             ^^^^^^^^^^^^^^^^^^^
  File "C:\Users\hp\AppData\Local\Programs\Python\Python311\Lib\site-packages\telegram\request\_baserequest.py", line 198, in post
    result = await self._request_wrapper(
             ^^^^^^^^^^^^^^^^^^^^^^^^^^^^
  File "C:\Users\hp\AppData\Local\Programs\Python\Python311\Lib\site-packages\telegram\request\_baserequest.py", line 375, in _request_wrapper
    raise exception
telegram.error.Conflict: Conflict: terminated by other getUpdates request; make sure that only one bot instance is running
2026-06-21 14:52:43 [httpx] INFO: HTTP Request: POST https://api.telegram.org/bot8711216541:AAF0lXqJmvUUf0Q8RGwqFN_BcE3uTVq76cs/getUpdates "HTTP/1.1 200 OK"
2026-06-21 14:52:53 [httpx] INFO: HTTP Request: POST https://api.telegram.org/bot8711216541:AAF0lXqJmvUUf0Q8RGwqFN_BcE3uTVq76cs/getUpdates "HTTP/1.1 200 OK"
2026-06-21 14:53:04 [httpx] INFO: HTTP Request: POST https://api.telegram.org/bot8711216541:AAF0lXqJmvUUf0Q8RGwqFN_BcE3uTVq76cs/getUpdates "HTTP/1.1 200 OK"
2026-06-21 14:53:06 [httpx] INFO: HTTP Request: POST https://api.telegram.org/bot8711216541:AAF0lXqJmvUUf0Q8RGwqFN_BcE3uTVq76cs/getUpdates "HTTP/1.1 409 Conflict"
2026-06-21 14:53:06 [telegram.ext.Application] ERROR: No error handlers are registered, logging exception.
Traceback (most recent call last):
  File "C:\Users\hp\AppData\Local\Programs\Python\Python311\Lib\site-packages\telegram\ext\_utils\networkloop.py", line 161, in network_retry_loop
    await do_action()
  File "C:\Users\hp\AppData\Local\Programs\Python\Python311\Lib\site-packages\telegram\ext\_utils\networkloop.py", line 154, in do_action
    action_cb_task.result()
  File "C:\Users\hp\AppData\Local\Programs\Python\Python311\Lib\site-packages\telegram\ext\_updater.py", line 340, in polling_action_cb
    updates = await self.bot.get_updates(
              ^^^^^^^^^^^^^^^^^^^^^^^^^^^
  File "C:\Users\hp\AppData\Local\Programs\Python\Python311\Lib\site-packages\telegram\ext\_extbot.py", line 672, in get_updates
    updates = await super().get_updates(
              ^^^^^^^^^^^^^^^^^^^^^^^^^^
  File "C:\Users\hp\AppData\Local\Programs\Python\Python311\Lib\site-packages\telegram\_bot.py", line 4865, in get_updates
    await self._post(
  File "C:\Users\hp\AppData\Local\Programs\Python\Python311\Lib\site-packages\telegram\_bot.py", line 704, in _post
    return await self._do_post(
           ^^^^^^^^^^^^^^^^^^^^
  File "C:\Users\hp\AppData\Local\Programs\Python\Python311\Lib\site-packages\telegram\ext\_extbot.py", line 370, in _do_post
    return await super()._do_post(
           ^^^^^^^^^^^^^^^^^^^^^^^
  File "C:\Users\hp\AppData\Local\Programs\Python\Python311\Lib\site-packages\telegram\_bot.py", line 733, in _do_post
    result = await request.post(
             ^^^^^^^^^^^^^^^^^^^
  File "C:\Users\hp\AppData\Local\Programs\Python\Python311\Lib\site-packages\telegram\request\_baserequest.py", line 198, in post
    result = await self._request_wrapper(
             ^^^^^^^^^^^^^^^^^^^^^^^^^^^^
  File "C:\Users\hp\AppData\Local\Programs\Python\Python311\Lib\site-packages\telegram\request\_baserequest.py", line 375, in _request_wrapper
    raise exception
telegram.error.Conflict: Conflict: terminated by other getUpdates request; make sure that only one bot instance is running
2026-06-21 14:53:17 [httpx] INFO: HTTP Request: POST https://api.telegram.org/bot8711216541:AAF0lXqJmvUUf0Q8RGwqFN_BcE3uTVq76cs/getUpdates "HTTP/1.1 200 OK"
2026-06-21 14:53:28 [httpx] INFO: HTTP Request: POST https://api.telegram.org/bot8711216541:AAF0lXqJmvUUf0Q8RGwqFN_BcE3uTVq76cs/getUpdates "HTTP/1.1 200 OK"
2026-06-21 14:53:38 [httpx] INFO: HTTP Request: POST https://api.telegram.org/bot8711216541:AAF0lXqJmvUUf0Q8RGwqFN_BcE3uTVq76cs/getUpdates "HTTP/1.1 200 OK"
2026-06-21 14:53:41 [httpx] INFO: HTTP Request: POST https://api.telegram.org/bot8711216541:AAF0lXqJmvUUf0Q8RGwqFN_BcE3uTVq76cs/getUpdates "HTTP/1.1 409 Conflict"
2026-06-21 14:53:41 [telegram.ext.Application] ERROR: No error handlers are registered, logging exception.
Traceback (most recent call last):
  File "C:\Users\hp\AppData\Local\Programs\Python\Python311\Lib\site-packages\telegram\ext\_utils\networkloop.py", line 161, in network_retry_loop
    await do_action()
  File "C:\Users\hp\AppData\Local\Programs\Python\Python311\Lib\site-packages\telegram\ext\_utils\networkloop.py", line 154, in do_action
    action_cb_task.result()
  File "C:\Users\hp\AppData\Local\Programs\Python\Python311\Lib\site-packages\telegram\ext\_updater.py", line 340, in polling_action_cb
    updates = await self.bot.get_updates(
              ^^^^^^^^^^^^^^^^^^^^^^^^^^^
  File "C:\Users\hp\AppData\Local\Programs\Python\Python311\Lib\site-packages\telegram\ext\_extbot.py", line 672, in get_updates
    updates = await super().get_updates(
              ^^^^^^^^^^^^^^^^^^^^^^^^^^
  File "C:\Users\hp\AppData\Local\Programs\Python\Python311\Lib\site-packages\telegram\_bot.py", line 4865, in get_updates
    await self._post(
  File "C:\Users\hp\AppData\Local\Programs\Python\Python311\Lib\site-packages\telegram\_bot.py", line 704, in _post
    return await self._do_post(
           ^^^^^^^^^^^^^^^^^^^^
  File "C:\Users\hp\AppData\Local\Programs\Python\Python311\Lib\site-packages\telegram\ext\_extbot.py", line 370, in _do_post
    return await super()._do_post(
           ^^^^^^^^^^^^^^^^^^^^^^^
  File "C:\Users\hp\AppData\Local\Programs\Python\Python311\Lib\site-packages\telegram\_bot.py", line 733, in _do_post
    result = await request.post(
             ^^^^^^^^^^^^^^^^^^^
  File "C:\Users\hp\AppData\Local\Programs\Python\Python311\Lib\site-packages\telegram\request\_baserequest.py", line 198, in post
    result = await self._request_wrapper(
             ^^^^^^^^^^^^^^^^^^^^^^^^^^^^
  File "C:\Users\hp\AppData\Local\Programs\Python\Python311\Lib\site-packages\telegram\request\_baserequest.py", line 375, in _request_wrapper
    raise exception
telegram.error.Conflict: Conflict: terminated by other getUpdates request; make sure that only one bot instance is running
2026-06-21 14:53:52 [httpx] INFO: HTTP Request: POST https://api.telegram.org/bot8711216541:AAF0lXqJmvUUf0Q8RGwqFN_BcE3uTVq76cs/getUpdates "HTTP/1.1 200 OK"
2026-06-21 14:54:02 [httpx] INFO: HTTP Request: POST https://api.telegram.org/bot8711216541:AAF0lXqJmvUUf0Q8RGwqFN_BcE3uTVq76cs/getUpdates "HTTP/1.1 200 OK"
2026-06-21 14:54:12 [httpx] INFO: HTTP Request: POST https://api.telegram.org/bot8711216541:AAF0lXqJmvUUf0Q8RGwqFN_BcE3uTVq76cs/getUpdates "HTTP/1.1 200 OK"
2026-06-21 14:54:15 [httpx] INFO: HTTP Request: POST https://api.telegram.org/bot8711216541:AAF0lXqJmvUUf0Q8RGwqFN_BcE3uTVq76cs/getUpdates "HTTP/1.1 409 Conflict"
2026-06-21 14:54:15 [telegram.ext.Application] ERROR: No error handlers are registered, logging exception.
Traceback (most recent call last):
  File "C:\Users\hp\AppData\Local\Programs\Python\Python311\Lib\site-packages\telegram\ext\_utils\networkloop.py", line 161, in network_retry_loop
    await do_action()
  File "C:\Users\hp\AppData\Local\Programs\Python\Python311\Lib\site-packages\telegram\ext\_utils\networkloop.py", line 154, in do_action
    action_cb_task.result()
  File "C:\Users\hp\AppData\Local\Programs\Python\Python311\Lib\site-packages\telegram\ext\_updater.py", line 340, in polling_action_cb
    updates = await self.bot.get_updates(
              ^^^^^^^^^^^^^^^^^^^^^^^^^^^
  File "C:\Users\hp\AppData\Local\Programs\Python\Python311\Lib\site-packages\telegram\ext\_extbot.py", line 672, in get_updates
    updates = await super().get_updates(
              ^^^^^^^^^^^^^^^^^^^^^^^^^^
  File "C:\Users\hp\AppData\Local\Programs\Python\Python311\Lib\site-packages\telegram\_bot.py", line 4865, in get_updates
    await self._post(
  File "C:\Users\hp\AppData\Local\Programs\Python\Python311\Lib\site-packages\telegram\_bot.py", line 704, in _post
    return await self._do_post(
           ^^^^^^^^^^^^^^^^^^^^
  File "C:\Users\hp\AppData\Local\Programs\Python\Python311\Lib\site-packages\telegram\ext\_extbot.py", line 370, in _do_post
    return await super()._do_post(
           ^^^^^^^^^^^^^^^^^^^^^^^
  File "C:\Users\hp\AppData\Local\Programs\Python\Python311\Lib\site-packages\telegram\_bot.py", line 733, in _do_post
    result = await request.post(
             ^^^^^^^^^^^^^^^^^^^
  File "C:\Users\hp\AppData\Local\Programs\Python\Python311\Lib\site-packages\telegram\request\_baserequest.py", line 198, in post
    result = await self._request_wrapper(
             ^^^^^^^^^^^^^^^^^^^^^^^^^^^^
  File "C:\Users\hp\AppData\Local\Programs\Python\Python311\Lib\site-packages\telegram\request\_baserequest.py", line 375, in _request_wrapper
    raise exception
telegram.error.Conflict: Conflict: terminated by other getUpdates request; make sure that only one bot instance is running
2026-06-21 14:54:26 [httpx] INFO: HTTP Request: POST https://api.telegram.org/bot8711216541:AAF0lXqJmvUUf0Q8RGwqFN_BcE3uTVq76cs/getUpdates "HTTP/1.1 200 OK"
2026-06-21 14:54:36 [httpx] INFO: HTTP Request: POST https://api.telegram.org/bot8711216541:AAF0lXqJmvUUf0Q8RGwqFN_BcE3uTVq76cs/getUpdates "HTTP/1.1 200 OK"
2026-06-21 14:54:47 [httpx] INFO: HTTP Request: POST https://api.telegram.org/bot8711216541:AAF0lXqJmvUUf0Q8RGwqFN_BcE3uTVq76cs/getUpdates "HTTP/1.1 200 OK"
2026-06-21 14:54:49 [httpx] INFO: HTTP Request: POST https://api.telegram.org/bot8711216541:AAF0lXqJmvUUf0Q8RGwqFN_BcE3uTVq76cs/getUpdates "HTTP/1.1 409 Conflict"
2026-06-21 14:54:49 [telegram.ext.Application] ERROR: No error handlers are registered, logging exception.
Traceback (most recent call last):
  File "C:\Users\hp\AppData\Local\Programs\Python\Python311\Lib\site-packages\telegram\ext\_utils\networkloop.py", line 161, in network_retry_loop
    await do_action()
  File "C:\Users\hp\AppData\Local\Programs\Python\Python311\Lib\site-packages\telegram\ext\_utils\networkloop.py", line 154, in do_action
    action_cb_task.result()
  File "C:\Users\hp\AppData\Local\Programs\Python\Python311\Lib\site-packages\telegram\ext\_updater.py", line 340, in polling_action_cb
    updates = await self.bot.get_updates(
              ^^^^^^^^^^^^^^^^^^^^^^^^^^^
  File "C:\Users\hp\AppData\Local\Programs\Python\Python311\Lib\site-packages\telegram\ext\_extbot.py", line 672, in get_updates
    updates = await super().get_updates(
              ^^^^^^^^^^^^^^^^^^^^^^^^^^
  File "C:\Users\hp\AppData\Local\Programs\Python\Python311\Lib\site-packages\telegram\_bot.py", line 4865, in get_updates
    await self._post(
  File "C:\Users\hp\AppData\Local\Programs\Python\Python311\Lib\site-packages\telegram\_bot.py", line 704, in _post
    return await self._do_post(
           ^^^^^^^^^^^^^^^^^^^^
  File "C:\Users\hp\AppData\Local\Programs\Python\Python311\Lib\site-packages\telegram\ext\_extbot.py", line 370, in _do_post
    return await super()._do_post(
           ^^^^^^^^^^^^^^^^^^^^^^^
  File "C:\Users\hp\AppData\Local\Programs\Python\Python311\Lib\site-packages\telegram\_bot.py", line 733, in _do_post
    result = await request.post(
             ^^^^^^^^^^^^^^^^^^^
  File "C:\Users\hp\AppData\Local\Programs\Python\Python311\Lib\site-packages\telegram\request\_baserequest.py", line 198, in post
    result = await self._request_wrapper(
             ^^^^^^^^^^^^^^^^^^^^^^^^^^^^
  File "C:\Users\hp\AppData\Local\Programs\Python\Python311\Lib\site-packages\telegram\request\_baserequest.py", line 375, in _request_wrapper
    raise exception
telegram.error.Conflict: Conflict: terminated by other getUpdates request; make sure that only one bot instance is running
2026-06-21 14:55:00 [httpx] INFO: HTTP Request: POST https://api.telegram.org/bot8711216541:AAF0lXqJmvUUf0Q8RGwqFN_BcE3uTVq76cs/getUpdates "HTTP/1.1 200 OK"
2026-06-21 14:55:11 [httpx] INFO: HTTP Request: POST https://api.telegram.org/bot8711216541:AAF0lXqJmvUUf0Q8RGwqFN_BcE3uTVq76cs/getUpdates "HTTP/1.1 200 OK"
2026-06-21 14:55:21 [httpx] INFO: HTTP Request: POST https://api.telegram.org/bot8711216541:AAF0lXqJmvUUf0Q8RGwqFN_BcE3uTVq76cs/getUpdates "HTTP/1.1 200 OK"
2026-06-21 14:55:24 [httpx] INFO: HTTP Request: POST https://api.telegram.org/bot8711216541:AAF0lXqJmvUUf0Q8RGwqFN_BcE3uTVq76cs/getUpdates "HTTP/1.1 409 Conflict"
2026-06-21 14:55:24 [telegram.ext.Application] ERROR: No error handlers are registered, logging exception.
Traceback (most recent call last):
  File "C:\Users\hp\AppData\Local\Programs\Python\Python311\Lib\site-packages\telegram\ext\_utils\networkloop.py", line 161, in network_retry_loop
    await do_action()
  File "C:\Users\hp\AppData\Local\Programs\Python\Python311\Lib\site-packages\telegram\ext\_utils\networkloop.py", line 154, in do_action
    action_cb_task.result()
  File "C:\Users\hp\AppData\Local\Programs\Python\Python311\Lib\site-packages\telegram\ext\_updater.py", line 340, in polling_action_cb
    updates = await self.bot.get_updates(
              ^^^^^^^^^^^^^^^^^^^^^^^^^^^
  File "C:\Users\hp\AppData\Local\Programs\Python\Python311\Lib\site-packages\telegram\ext\_extbot.py", line 672, in get_updates
    updates = await super().get_updates(
              ^^^^^^^^^^^^^^^^^^^^^^^^^^
  File "C:\Users\hp\AppData\Local\Programs\Python\Python311\Lib\site-packages\telegram\_bot.py", line 4865, in get_updates
    await self._post(
  File "C:\Users\hp\AppData\Local\Programs\Python\Python311\Lib\site-packages\telegram\_bot.py", line 704, in _post
    return await self._do_post(
           ^^^^^^^^^^^^^^^^^^^^
  File "C:\Users\hp\AppData\Local\Programs\Python\Python311\Lib\site-packages\telegram\ext\_extbot.py", line 370, in _do_post
    return await super()._do_post(
           ^^^^^^^^^^^^^^^^^^^^^^^
  File "C:\Users\hp\AppData\Local\Programs\Python\Python311\Lib\site-packages\telegram\_bot.py", line 733, in _do_post
    result = await request.post(
             ^^^^^^^^^^^^^^^^^^^
  File "C:\Users\hp\AppData\Local\Programs\Python\Python311\Lib\site-packages\telegram\request\_baserequest.py", line 198, in post
    result = await self._request_wrapper(
             ^^^^^^^^^^^^^^^^^^^^^^^^^^^^
  File "C:\Users\hp\AppData\Local\Programs\Python\Python311\Lib\site-packages\telegram\request\_baserequest.py", line 375, in _request_wrapper
    raise exception
telegram.error.Conflict: Conflict: terminated by other getUpdates request; make sure that only one bot instance is running
2026-06-21 14:55:35 [httpx] INFO: HTTP Request: POST https://api.telegram.org/bot8711216541:AAF0lXqJmvUUf0Q8RGwqFN_BcE3uTVq76cs/getUpdates "HTTP/1.1 200 OK"
2026-06-21 14:55:45 [httpx] INFO: HTTP Request: POST https://api.telegram.org/bot8711216541:AAF0lXqJmvUUf0Q8RGwqFN_BcE3uTVq76cs/getUpdates "HTTP/1.1 200 OK"
2026-06-21 14:55:55 [httpx] INFO: HTTP Request: POST https://api.telegram.org/bot8711216541:AAF0lXqJmvUUf0Q8RGwqFN_BcE3uTVq76cs/getUpdates "HTTP/1.1 200 OK"
2026-06-21 14:55:58 [httpx] INFO: HTTP Request: POST https://api.telegram.org/bot8711216541:AAF0lXqJmvUUf0Q8RGwqFN_BcE3uTVq76cs/getUpdates "HTTP/1.1 409 Conflict"
2026-06-21 14:55:58 [telegram.ext.Application] ERROR: No error handlers are registered, logging exception.
Traceback (most recent call last):
  File "C:\Users\hp\AppData\Local\Programs\Python\Python311\Lib\site-packages\telegram\ext\_utils\networkloop.py", line 161, in network_retry_loop
    await do_action()
  File "C:\Users\hp\AppData\Local\Programs\Python\Python311\Lib\site-packages\telegram\ext\_utils\networkloop.py", line 154, in do_action
    action_cb_task.result()
  File "C:\Users\hp\AppData\Local\Programs\Python\Python311\Lib\site-packages\telegram\ext\_updater.py", line 340, in polling_action_cb
    updates = await self.bot.get_updates(
              ^^^^^^^^^^^^^^^^^^^^^^^^^^^
  File "C:\Users\hp\AppData\Local\Programs\Python\Python311\Lib\site-packages\telegram\ext\_extbot.py", line 672, in get_updates
    updates = await super().get_updates(
              ^^^^^^^^^^^^^^^^^^^^^^^^^^
  File "C:\Users\hp\AppData\Local\Programs\Python\Python311\Lib\site-packages\telegram\_bot.py", line 4865, in get_updates
    await self._post(
  File "C:\Users\hp\AppData\Local\Programs\Python\Python311\Lib\site-packages\telegram\_bot.py", line 704, in _post
    return await self._do_post(
           ^^^^^^^^^^^^^^^^^^^^
  File "C:\Users\hp\AppData\Local\Programs\Python\Python311\Lib\site-packages\telegram\ext\_extbot.py", line 370, in _do_post
    return await super()._do_post(
           ^^^^^^^^^^^^^^^^^^^^^^^
  File "C:\Users\hp\AppData\Local\Programs\Python\Python311\Lib\site-packages\telegram\_bot.py", line 733, in _do_post
    result = await request.post(
             ^^^^^^^^^^^^^^^^^^^
  File "C:\Users\hp\AppData\Local\Programs\Python\Python311\Lib\site-packages\telegram\request\_baserequest.py", line 198, in post
    result = await self._request_wrapper(
             ^^^^^^^^^^^^^^^^^^^^^^^^^^^^
  File "C:\Users\hp\AppData\Local\Programs\Python\Python311\Lib\site-packages\telegram\request\_baserequest.py", line 375, in _request_wrapper
    raise exception
telegram.error.Conflict: Conflict: terminated by other getUpdates request; make sure that only one bot instance is running
2026-06-21 14:56:09 [httpx] INFO: HTTP Request: POST https://api.telegram.org/bot8711216541:AAF0lXqJmvUUf0Q8RGwqFN_BcE3uTVq76cs/getUpdates "HTTP/1.1 200 OK"
2026-06-21 14:56:19 [httpx] INFO: HTTP Request: POST https://api.telegram.org/bot8711216541:AAF0lXqJmvUUf0Q8RGwqFN_BcE3uTVq76cs/getUpdates "HTTP/1.1 200 OK"
2026-06-21 14:56:30 [httpx] INFO: HTTP Request: POST https://api.telegram.org/bot8711216541:AAF0lXqJmvUUf0Q8RGwqFN_BcE3uTVq76cs/getUpdates "HTTP/1.1 200 OK"
2026-06-21 14:56:32 [httpx] INFO: HTTP Request: POST https://api.telegram.org/bot8711216541:AAF0lXqJmvUUf0Q8RGwqFN_BcE3uTVq76cs/getUpdates "HTTP/1.1 409 Conflict"
2026-06-21 14:56:32 [telegram.ext.Application] ERROR: No error handlers are registered, logging exception.
Traceback (most recent call last):
  File "C:\Users\hp\AppData\Local\Programs\Python\Python311\Lib\site-packages\telegram\ext\_utils\networkloop.py", line 161, in network_retry_loop
    await do_action()
  File "C:\Users\hp\AppData\Local\Programs\Python\Python311\Lib\site-packages\telegram\ext\_utils\networkloop.py", line 154, in do_action
    action_cb_task.result()
  File "C:\Users\hp\AppData\Local\Programs\Python\Python311\Lib\site-packages\telegram\ext\_updater.py", line 340, in polling_action_cb
    updates = await self.bot.get_updates(
              ^^^^^^^^^^^^^^^^^^^^^^^^^^^
  File "C:\Users\hp\AppData\Local\Programs\Python\Python311\Lib\site-packages\telegram\ext\_extbot.py", line 672, in get_updates
    updates = await super().get_updates(
              ^^^^^^^^^^^^^^^^^^^^^^^^^^
  File "C:\Users\hp\AppData\Local\Programs\Python\Python311\Lib\site-packages\telegram\_bot.py", line 4865, in get_updates
    await self._post(
  File "C:\Users\hp\AppData\Local\Programs\Python\Python311\Lib\site-packages\telegram\_bot.py", line 704, in _post
    return await self._do_post(
           ^^^^^^^^^^^^^^^^^^^^
  File "C:\Users\hp\AppData\Local\Programs\Python\Python311\Lib\site-packages\telegram\ext\_extbot.py", line 370, in _do_post
    return await super()._do_post(
           ^^^^^^^^^^^^^^^^^^^^^^^
  File "C:\Users\hp\AppData\Local\Programs\Python\Python311\Lib\site-packages\telegram\_bot.py", line 733, in _do_post
    result = await request.post(
             ^^^^^^^^^^^^^^^^^^^
  File "C:\Users\hp\AppData\Local\Programs\Python\Python311\Lib\site-packages\telegram\request\_baserequest.py", line 198, in post
    result = await self._request_wrapper(
             ^^^^^^^^^^^^^^^^^^^^^^^^^^^^
  File "C:\Users\hp\AppData\Local\Programs\Python\Python311\Lib\site-packages\telegram\request\_baserequest.py", line 375, in _request_wrapper
    raise exception
telegram.error.Conflict: Conflict: terminated by other getUpdates request; make sure that only one bot instance is running
2026-06-21 14:56:43 [httpx] INFO: HTTP Request: POST https://api.telegram.org/bot8711216541:AAF0lXqJmvUUf0Q8RGwqFN_BcE3uTVq76cs/getUpdates "HTTP/1.1 200 OK"
2026-06-21 14:56:54 [httpx] INFO: HTTP Request: POST https://api.telegram.org/bot8711216541:AAF0lXqJmvUUf0Q8RGwqFN_BcE3uTVq76cs/getUpdates "HTTP/1.1 200 OK"
2026-06-21 14:57:04 [httpx] INFO: HTTP Request: POST https://api.telegram.org/bot8711216541:AAF0lXqJmvUUf0Q8RGwqFN_BcE3uTVq76cs/getUpdates "HTTP/1.1 200 OK"
2026-06-21 14:57:07 [httpx] INFO: HTTP Request: POST https://api.telegram.org/bot8711216541:AAF0lXqJmvUUf0Q8RGwqFN_BcE3uTVq76cs/getUpdates "HTTP/1.1 409 Conflict"
2026-06-21 14:57:07 [telegram.ext.Application] ERROR: No error handlers are registered, logging exception.
Traceback (most recent call last):
  File "C:\Users\hp\AppData\Local\Programs\Python\Python311\Lib\site-packages\telegram\ext\_utils\networkloop.py", line 161, in network_retry_loop
    await do_action()
  File "C:\Users\hp\AppData\Local\Programs\Python\Python311\Lib\site-packages\telegram\ext\_utils\networkloop.py", line 154, in do_action
    action_cb_task.result()
  File "C:\Users\hp\AppData\Local\Programs\Python\Python311\Lib\site-packages\telegram\ext\_updater.py", line 340, in polling_action_cb
    updates = await self.bot.get_updates(
              ^^^^^^^^^^^^^^^^^^^^^^^^^^^
  File "C:\Users\hp\AppData\Local\Programs\Python\Python311\Lib\site-packages\telegram\ext\_extbot.py", line 672, in get_updates
    updates = await super().get_updates(
              ^^^^^^^^^^^^^^^^^^^^^^^^^^
  File "C:\Users\hp\AppData\Local\Programs\Python\Python311\Lib\site-packages\telegram\_bot.py", line 4865, in get_updates
    await self._post(
  File "C:\Users\hp\AppData\Local\Programs\Python\Python311\Lib\site-packages\telegram\_bot.py", line 704, in _post
    return await self._do_post(
           ^^^^^^^^^^^^^^^^^^^^
  File "C:\Users\hp\AppData\Local\Programs\Python\Python311\Lib\site-packages\telegram\ext\_extbot.py", line 370, in _do_post
    return await super()._do_post(
           ^^^^^^^^^^^^^^^^^^^^^^^
  File "C:\Users\hp\AppData\Local\Programs\Python\Python311\Lib\site-packages\telegram\_bot.py", line 733, in _do_post
    result = await request.post(
             ^^^^^^^^^^^^^^^^^^^
  File "C:\Users\hp\AppData\Local\Programs\Python\Python311\Lib\site-packages\telegram\request\_baserequest.py", line 198, in post
    result = await self._request_wrapper(
             ^^^^^^^^^^^^^^^^^^^^^^^^^^^^
  File "C:\Users\hp\AppData\Local\Programs\Python\Python311\Lib\site-packages\telegram\request\_baserequest.py", line 375, in _request_wrapper
    raise exception
telegram.error.Conflict: Conflict: terminated by other getUpdates request; make sure that only one bot instance is running
2026-06-21 14:57:18 [httpx] INFO: HTTP Request: POST https://api.telegram.org/bot8711216541:AAF0lXqJmvUUf0Q8RGwqFN_BcE3uTVq76cs/getUpdates "HTTP/1.1 200 OK"
2026-06-21 14:57:28 [httpx] INFO: HTTP Request: POST https://api.telegram.org/bot8711216541:AAF0lXqJmvUUf0Q8RGwqFN_BcE3uTVq76cs/getUpdates "HTTP/1.1 200 OK"
2026-06-21 14:57:38 [httpx] INFO: HTTP Request: POST https://api.telegram.org/bot8711216541:AAF0lXqJmvUUf0Q8RGwqFN_BcE3uTVq76cs/getUpdates "HTTP/1.1 200 OK"
2026-06-21 14:57:41 [httpx] INFO: HTTP Request: POST https://api.telegram.org/bot8711216541:AAF0lXqJmvUUf0Q8RGwqFN_BcE3uTVq76cs/getUpdates "HTTP/1.1 409 Conflict"
2026-06-21 14:57:41 [telegram.ext.Application] ERROR: No error handlers are registered, logging exception.
Traceback (most recent call last):
  File "C:\Users\hp\AppData\Local\Programs\Python\Python311\Lib\site-packages\telegram\ext\_utils\networkloop.py", line 161, in network_retry_loop
    await do_action()
  File "C:\Users\hp\AppData\Local\Programs\Python\Python311\Lib\site-packages\telegram\ext\_utils\networkloop.py", line 154, in do_action
    action_cb_task.result()
  File "C:\Users\hp\AppData\Local\Programs\Python\Python311\Lib\site-packages\telegram\ext\_updater.py", line 340, in polling_action_cb
    updates = await self.bot.get_updates(
              ^^^^^^^^^^^^^^^^^^^^^^^^^^^
  File "C:\Users\hp\AppData\Local\Programs\Python\Python311\Lib\site-packages\telegram\ext\_extbot.py", line 672, in get_updates
    updates = await super().get_updates(
              ^^^^^^^^^^^^^^^^^^^^^^^^^^
  File "C:\Users\hp\AppData\Local\Programs\Python\Python311\Lib\site-packages\telegram\_bot.py", line 4865, in get_updates
    await self._post(
  File "C:\Users\hp\AppData\Local\Programs\Python\Python311\Lib\site-packages\telegram\_bot.py", line 704, in _post
    return await self._do_post(
           ^^^^^^^^^^^^^^^^^^^^
  File "C:\Users\hp\AppData\Local\Programs\Python\Python311\Lib\site-packages\telegram\ext\_extbot.py", line 370, in _do_post
    return await super()._do_post(
           ^^^^^^^^^^^^^^^^^^^^^^^
  File "C:\Users\hp\AppData\Local\Programs\Python\Python311\Lib\site-packages\telegram\_bot.py", line 733, in _do_post
    result = await request.post(
             ^^^^^^^^^^^^^^^^^^^
  File "C:\Users\hp\AppData\Local\Programs\Python\Python311\Lib\site-packages\telegram\request\_baserequest.py", line 198, in post
    result = await self._request_wrapper(
             ^^^^^^^^^^^^^^^^^^^^^^^^^^^^
  File "C:\Users\hp\AppData\Local\Programs\Python\Python311\Lib\site-packages\telegram\request\_baserequest.py", line 375, in _request_wrapper
    raise exception
telegram.error.Conflict: Conflict: terminated by other getUpdates request; make sure that only one bot instance is running
2026-06-21 14:57:52 [httpx] INFO: HTTP Request: POST https://api.telegram.org/bot8711216541:AAF0lXqJmvUUf0Q8RGwqFN_BcE3uTVq76cs/getUpdates "HTTP/1.1 200 OK"
2026-06-21 14:58:02 [httpx] INFO: HTTP Request: POST https://api.telegram.org/bot8711216541:AAF0lXqJmvUUf0Q8RGwqFN_BcE3uTVq76cs/getUpdates "HTTP/1.1 200 OK"
2026-06-21 14:58:13 [httpx] INFO: HTTP Request: POST https://api.telegram.org/bot8711216541:AAF0lXqJmvUUf0Q8RGwqFN_BcE3uTVq76cs/getUpdates "HTTP/1.1 200 OK"
2026-06-21 14:58:15 [httpx] INFO: HTTP Request: POST https://api.telegram.org/bot8711216541:AAF0lXqJmvUUf0Q8RGwqFN_BcE3uTVq76cs/getUpdates "HTTP/1.1 409 Conflict"
2026-06-21 14:58:15 [telegram.ext.Application] ERROR: No error handlers are registered, logging exception.
Traceback (most recent call last):
  File "C:\Users\hp\AppData\Local\Programs\Python\Python311\Lib\site-packages\telegram\ext\_utils\networkloop.py", line 161, in network_retry_loop
    await do_action()
  File "C:\Users\hp\AppData\Local\Programs\Python\Python311\Lib\site-packages\telegram\ext\_utils\networkloop.py", line 154, in do_action
    action_cb_task.result()
  File "C:\Users\hp\AppData\Local\Programs\Python\Python311\Lib\site-packages\telegram\ext\_updater.py", line 340, in polling_action_cb
    updates = await self.bot.get_updates(
              ^^^^^^^^^^^^^^^^^^^^^^^^^^^
  File "C:\Users\hp\AppData\Local\Programs\Python\Python311\Lib\site-packages\telegram\ext\_extbot.py", line 672, in get_updates
    updates = await super().get_updates(
              ^^^^^^^^^^^^^^^^^^^^^^^^^^
  File "C:\Users\hp\AppData\Local\Programs\Python\Python311\Lib\site-packages\telegram\_bot.py", line 4865, in get_updates
    await self._post(
  File "C:\Users\hp\AppData\Local\Programs\Python\Python311\Lib\site-packages\telegram\_bot.py", line 704, in _post
    return await self._do_post(
           ^^^^^^^^^^^^^^^^^^^^
  File "C:\Users\hp\AppData\Local\Programs\Python\Python311\Lib\site-packages\telegram\ext\_extbot.py", line 370, in _do_post
    return await super()._do_post(
           ^^^^^^^^^^^^^^^^^^^^^^^
  File "C:\Users\hp\AppData\Local\Programs\Python\Python311\Lib\site-packages\telegram\_bot.py", line 733, in _do_post
    result = await request.post(
             ^^^^^^^^^^^^^^^^^^^
  File "C:\Users\hp\AppData\Local\Programs\Python\Python311\Lib\site-packages\telegram\request\_baserequest.py", line 198, in post
    result = await self._request_wrapper(
             ^^^^^^^^^^^^^^^^^^^^^^^^^^^^
  File "C:\Users\hp\AppData\Local\Programs\Python\Python311\Lib\site-packages\telegram\request\_baserequest.py", line 375, in _request_wrapper
    raise exception
telegram.error.Conflict: Conflict: terminated by other getUpdates request; make sure that only one bot instance is running
2026-06-21 14:58:26 [httpx] INFO: HTTP Request: POST https://api.telegram.org/bot8711216541:AAF0lXqJmvUUf0Q8RGwqFN_BcE3uTVq76cs/getUpdates "HTTP/1.1 200 OK"
2026-06-21 14:58:37 [httpx] INFO: HTTP Request: POST https://api.telegram.org/bot8711216541:AAF0lXqJmvUUf0Q8RGwqFN_BcE3uTVq76cs/getUpdates "HTTP/1.1 200 OK"
2026-06-21 14:58:47 [httpx] INFO: HTTP Request: POST https://api.telegram.org/bot8711216541:AAF0lXqJmvUUf0Q8RGwqFN_BcE3uTVq76cs/getUpdates "HTTP/1.1 200 OK"
2026-06-21 14:58:49 [httpx] INFO: HTTP Request: POST https://api.telegram.org/bot8711216541:AAF0lXqJmvUUf0Q8RGwqFN_BcE3uTVq76cs/getUpdates "HTTP/1.1 409 Conflict"
2026-06-21 14:58:49 [telegram.ext.Application] ERROR: No error handlers are registered, logging exception.
Traceback (most recent call last):
  File "C:\Users\hp\AppData\Local\Programs\Python\Python311\Lib\site-packages\telegram\ext\_utils\networkloop.py", line 161, in network_retry_loop
    await do_action()
  File "C:\Users\hp\AppData\Local\Programs\Python\Python311\Lib\site-packages\telegram\ext\_utils\networkloop.py", line 154, in do_action
    action_cb_task.result()
  File "C:\Users\hp\AppData\Local\Programs\Python\Python311\Lib\site-packages\telegram\ext\_updater.py", line 340, in polling_action_cb
    updates = await self.bot.get_updates(
              ^^^^^^^^^^^^^^^^^^^^^^^^^^^
  File "C:\Users\hp\AppData\Local\Programs\Python\Python311\Lib\site-packages\telegram\ext\_extbot.py", line 672, in get_updates
    updates = await super().get_updates(
              ^^^^^^^^^^^^^^^^^^^^^^^^^^
  File "C:\Users\hp\AppData\Local\Programs\Python\Python311\Lib\site-packages\telegram\_bot.py", line 4865, in get_updates
    await self._post(
  File "C:\Users\hp\AppData\Local\Programs\Python\Python311\Lib\site-packages\telegram\_bot.py", line 704, in _post
    return await self._do_post(
           ^^^^^^^^^^^^^^^^^^^^
  File "C:\Users\hp\AppData\Local\Programs\Python\Python311\Lib\site-packages\telegram\ext\_extbot.py", line 370, in _do_post
    return await super()._do_post(
           ^^^^^^^^^^^^^^^^^^^^^^^
  File "C:\Users\hp\AppData\Local\Programs\Python\Python311\Lib\site-packages\telegram\_bot.py", line 733, in _do_post
    result = await request.post(
             ^^^^^^^^^^^^^^^^^^^
  File "C:\Users\hp\AppData\Local\Programs\Python\Python311\Lib\site-packages\telegram\request\_baserequest.py", line 198, in post
    result = await self._request_wrapper(
             ^^^^^^^^^^^^^^^^^^^^^^^^^^^^
  File "C:\Users\hp\AppData\Local\Programs\Python\Python311\Lib\site-packages\telegram\request\_baserequest.py", line 375, in _request_wrapper
    raise exception
telegram.error.Conflict: Conflict: terminated by other getUpdates request; make sure that only one bot instance is running
2026-06-21 14:59:01 [httpx] INFO: HTTP Request: POST https://api.telegram.org/bot8711216541:AAF0lXqJmvUUf0Q8RGwqFN_BcE3uTVq76cs/getUpdates "HTTP/1.1 200 OK"
2026-06-21 14:59:11 [httpx] INFO: HTTP Request: POST https://api.telegram.org/bot8711216541:AAF0lXqJmvUUf0Q8RGwqFN_BcE3uTVq76cs/getUpdates "HTTP/1.1 200 OK"
2026-06-21 14:59:21 [httpx] INFO: HTTP Request: POST https://api.telegram.org/bot8711216541:AAF0lXqJmvUUf0Q8RGwqFN_BcE3uTVq76cs/getUpdates "HTTP/1.1 200 OK"
2026-06-21 14:59:24 [httpx] INFO: HTTP Request: POST https://api.telegram.org/bot8711216541:AAF0lXqJmvUUf0Q8RGwqFN_BcE3uTVq76cs/getUpdates "HTTP/1.1 409 Conflict"
2026-06-21 14:59:24 [telegram.ext.Application] ERROR: No error handlers are registered, logging exception.
Traceback (most recent call last):
  File "C:\Users\hp\AppData\Local\Programs\Python\Python311\Lib\site-packages\telegram\ext\_utils\networkloop.py", line 161, in network_retry_loop
    await do_action()
  File "C:\Users\hp\AppData\Local\Programs\Python\Python311\Lib\site-packages\telegram\ext\_utils\networkloop.py", line 154, in do_action
    action_cb_task.result()
  File "C:\Users\hp\AppData\Local\Programs\Python\Python311\Lib\site-packages\telegram\ext\_updater.py", line 340, in polling_action_cb
    updates = await self.bot.get_updates(
              ^^^^^^^^^^^^^^^^^^^^^^^^^^^
  File "C:\Users\hp\AppData\Local\Programs\Python\Python311\Lib\site-packages\telegram\ext\_extbot.py", line 672, in get_updates
    updates = await super().get_updates(
              ^^^^^^^^^^^^^^^^^^^^^^^^^^
  File "C:\Users\hp\AppData\Local\Programs\Python\Python311\Lib\site-packages\telegram\_bot.py", line 4865, in get_updates
    await self._post(
  File "C:\Users\hp\AppData\Local\Programs\Python\Python311\Lib\site-packages\telegram\_bot.py", line 704, in _post
    return await self._do_post(
           ^^^^^^^^^^^^^^^^^^^^
  File "C:\Users\hp\AppData\Local\Programs\Python\Python311\Lib\site-packages\telegram\ext\_extbot.py", line 370, in _do_post
    return await super()._do_post(
           ^^^^^^^^^^^^^^^^^^^^^^^
  File "C:\Users\hp\AppData\Local\Programs\Python\Python311\Lib\site-packages\telegram\_bot.py", line 733, in _do_post
    result = await request.post(
             ^^^^^^^^^^^^^^^^^^^
  File "C:\Users\hp\AppData\Local\Programs\Python\Python311\Lib\site-packages\telegram\request\_baserequest.py", line 198, in post
    result = await self._request_wrapper(
             ^^^^^^^^^^^^^^^^^^^^^^^^^^^^
  File "C:\Users\hp\AppData\Local\Programs\Python\Python311\Lib\site-packages\telegram\request\_baserequest.py", line 375, in _request_wrapper
    raise exception
telegram.error.Conflict: Conflict: terminated by other getUpdates request; make sure that only one bot instance is running
2026-06-21 14:59:35 [httpx] INFO: HTTP Request: POST https://api.telegram.org/bot8711216541:AAF0lXqJmvUUf0Q8RGwqFN_BcE3uTVq76cs/getUpdates "HTTP/1.1 200 OK"
2026-06-21 14:59:45 [httpx] INFO: HTTP Request: POST https://api.telegram.org/bot8711216541:AAF0lXqJmvUUf0Q8RGwqFN_BcE3uTVq76cs/getUpdates "HTTP/1.1 200 OK"
2026-06-21 14:59:55 [httpx] INFO: HTTP Request: POST https://api.telegram.org/bot8711216541:AAF0lXqJmvUUf0Q8RGwqFN_BcE3uTVq76cs/getUpdates "HTTP/1.1 200 OK"
2026-06-21 14:59:58 [httpx] INFO: HTTP Request: POST https://api.telegram.org/bot8711216541:AAF0lXqJmvUUf0Q8RGwqFN_BcE3uTVq76cs/getUpdates "HTTP/1.1 409 Conflict"
2026-06-21 14:59:58 [telegram.ext.Application] ERROR: No error handlers are registered, logging exception.
Traceback (most recent call last):
  File "C:\Users\hp\AppData\Local\Programs\Python\Python311\Lib\site-packages\telegram\ext\_utils\networkloop.py", line 161, in network_retry_loop
    await do_action()
  File "C:\Users\hp\AppData\Local\Programs\Python\Python311\Lib\site-packages\telegram\ext\_utils\networkloop.py", line 154, in do_action
    action_cb_task.result()
  File "C:\Users\hp\AppData\Local\Programs\Python\Python311\Lib\site-packages\telegram\ext\_updater.py", line 340, in polling_action_cb
    updates = await self.bot.get_updates(
              ^^^^^^^^^^^^^^^^^^^^^^^^^^^
  File "C:\Users\hp\AppData\Local\Programs\Python\Python311\Lib\site-packages\telegram\ext\_extbot.py", line 672, in get_updates
    updates = await super().get_updates(
              ^^^^^^^^^^^^^^^^^^^^^^^^^^
  File "C:\Users\hp\AppData\Local\Programs\Python\Python311\Lib\site-packages\telegram\_bot.py", line 4865, in get_updates
    await self._post(
  File "C:\Users\hp\AppData\Local\Programs\Python\Python311\Lib\site-packages\telegram\_bot.py", line 704, in _post
    return await self._do_post(
           ^^^^^^^^^^^^^^^^^^^^
  File "C:\Users\hp\AppData\Local\Programs\Python\Python311\Lib\site-packages\telegram\ext\_extbot.py", line 370, in _do_post
    return await super()._do_post(
           ^^^^^^^^^^^^^^^^^^^^^^^
  File "C:\Users\hp\AppData\Local\Programs\Python\Python311\Lib\site-packages\telegram\_bot.py", line 733, in _do_post
    result = await request.post(
             ^^^^^^^^^^^^^^^^^^^
  File "C:\Users\hp\AppData\Local\Programs\Python\Python311\Lib\site-packages\telegram\request\_baserequest.py", line 198, in post
    result = await self._request_wrapper(
             ^^^^^^^^^^^^^^^^^^^^^^^^^^^^
  File "C:\Users\hp\AppData\Local\Programs\Python\Python311\Lib\site-packages\telegram\request\_baserequest.py", line 375, in _request_wrapper
    raise exception
telegram.error.Conflict: Conflict: terminated by other getUpdates request; make sure that only one bot instance is running
2026-06-21 15:00:09 [httpx] INFO: HTTP Request: POST https://api.telegram.org/bot8711216541:AAF0lXqJmvUUf0Q8RGwqFN_BcE3uTVq76cs/getUpdates "HTTP/1.1 200 OK"
2026-06-21 15:00:19 [httpx] INFO: HTTP Request: POST https://api.telegram.org/bot8711216541:AAF0lXqJmvUUf0Q8RGwqFN_BcE3uTVq76cs/getUpdates "HTTP/1.1 200 OK"
2026-06-21 15:00:30 [httpx] INFO: HTTP Request: POST https://api.telegram.org/bot8711216541:AAF0lXqJmvUUf0Q8RGwqFN_BcE3uTVq76cs/getUpdates "HTTP/1.1 200 OK"
2026-06-21 15:00:32 [httpx] INFO: HTTP Request: POST https://api.telegram.org/bot8711216541:AAF0lXqJmvUUf0Q8RGwqFN_BcE3uTVq76cs/getUpdates "HTTP/1.1 409 Conflict"
2026-06-21 15:00:32 [telegram.ext.Application] ERROR: No error handlers are registered, logging exception.
Traceback (most recent call last):
  File "C:\Users\hp\AppData\Local\Programs\Python\Python311\Lib\site-packages\telegram\ext\_utils\networkloop.py", line 161, in network_retry_loop
    await do_action()
  File "C:\Users\hp\AppData\Local\Programs\Python\Python311\Lib\site-packages\telegram\ext\_utils\networkloop.py", line 154, in do_action
    action_cb_task.result()
  File "C:\Users\hp\AppData\Local\Programs\Python\Python311\Lib\site-packages\telegram\ext\_updater.py", line 340, in polling_action_cb
    updates = await self.bot.get_updates(
              ^^^^^^^^^^^^^^^^^^^^^^^^^^^
  File "C:\Users\hp\AppData\Local\Programs\Python\Python311\Lib\site-packages\telegram\ext\_extbot.py", line 672, in get_updates
    updates = await super().get_updates(
              ^^^^^^^^^^^^^^^^^^^^^^^^^^
  File "C:\Users\hp\AppData\Local\Programs\Python\Python311\Lib\site-packages\telegram\_bot.py", line 4865, in get_updates
    await self._post(
  File "C:\Users\hp\AppData\Local\Programs\Python\Python311\Lib\site-packages\telegram\_bot.py", line 704, in _post
    return await self._do_post(
           ^^^^^^^^^^^^^^^^^^^^
  File "C:\Users\hp\AppData\Local\Programs\Python\Python311\Lib\site-packages\telegram\ext\_extbot.py", line 370, in _do_post
    return await super()._do_post(
           ^^^^^^^^^^^^^^^^^^^^^^^
  File "C:\Users\hp\AppData\Local\Programs\Python\Python311\Lib\site-packages\telegram\_bot.py", line 733, in _do_post
    result = await request.post(
             ^^^^^^^^^^^^^^^^^^^
  File "C:\Users\hp\AppData\Local\Programs\Python\Python311\Lib\site-packages\telegram\request\_baserequest.py", line 198, in post
    result = await self._request_wrapper(
             ^^^^^^^^^^^^^^^^^^^^^^^^^^^^
  File "C:\Users\hp\AppData\Local\Programs\Python\Python311\Lib\site-packages\telegram\request\_baserequest.py", line 375, in _request_wrapper
    raise exception
telegram.error.Conflict: Conflict: terminated by other getUpdates request; make sure that only one bot instance is running
2026-06-21 15:00:44 [httpx] INFO: HTTP Request: POST https://api.telegram.org/bot8711216541:AAF0lXqJmvUUf0Q8RGwqFN_BcE3uTVq76cs/getUpdates "HTTP/1.1 200 OK"
2026-06-21 15:00:54 [httpx] INFO: HTTP Request: POST https://api.telegram.org/bot8711216541:AAF0lXqJmvUUf0Q8RGwqFN_BcE3uTVq76cs/getUpdates "HTTP/1.1 200 OK"
2026-06-21 15:01:04 [httpx] INFO: HTTP Request: POST https://api.telegram.org/bot8711216541:AAF0lXqJmvUUf0Q8RGwqFN_BcE3uTVq76cs/getUpdates "HTTP/1.1 200 OK"
2026-06-21 15:01:07 [httpx] INFO: HTTP Request: POST https://api.telegram.org/bot8711216541:AAF0lXqJmvUUf0Q8RGwqFN_BcE3uTVq76cs/getUpdates "HTTP/1.1 409 Conflict"
2026-06-21 15:01:07 [telegram.ext.Application] ERROR: No error handlers are registered, logging exception.
Traceback (most recent call last):
  File "C:\Users\hp\AppData\Local\Programs\Python\Python311\Lib\site-packages\telegram\ext\_utils\networkloop.py", line 161, in network_retry_loop
    await do_action()
  File "C:\Users\hp\AppData\Local\Programs\Python\Python311\Lib\site-packages\telegram\ext\_utils\networkloop.py", line 154, in do_action
    action_cb_task.result()
  File "C:\Users\hp\AppData\Local\Programs\Python\Python311\Lib\site-packages\telegram\ext\_updater.py", line 340, in polling_action_cb
    updates = await self.bot.get_updates(
              ^^^^^^^^^^^^^^^^^^^^^^^^^^^
  File "C:\Users\hp\AppData\Local\Programs\Python\Python311\Lib\site-packages\telegram\ext\_extbot.py", line 672, in get_updates
    updates = await super().get_updates(
              ^^^^^^^^^^^^^^^^^^^^^^^^^^
  File "C:\Users\hp\AppData\Local\Programs\Python\Python311\Lib\site-packages\telegram\_bot.py", line 4865, in get_updates
    await self._post(
  File "C:\Users\hp\AppData\Local\Programs\Python\Python311\Lib\site-packages\telegram\_bot.py", line 704, in _post
    return await self._do_post(
           ^^^^^^^^^^^^^^^^^^^^
  File "C:\Users\hp\AppData\Local\Programs\Python\Python311\Lib\site-packages\telegram\ext\_extbot.py", line 370, in _do_post
    return await super()._do_post(
           ^^^^^^^^^^^^^^^^^^^^^^^
  File "C:\Users\hp\AppData\Local\Programs\Python\Python311\Lib\site-packages\telegram\_bot.py", line 733, in _do_post
    result = await request.post(
             ^^^^^^^^^^^^^^^^^^^
  File "C:\Users\hp\AppData\Local\Programs\Python\Python311\Lib\site-packages\telegram\request\_baserequest.py", line 198, in post
    result = await self._request_wrapper(
             ^^^^^^^^^^^^^^^^^^^^^^^^^^^^
  File "C:\Users\hp\AppData\Local\Programs\Python\Python311\Lib\site-packages\telegram\request\_baserequest.py", line 375, in _request_wrapper
    raise exception
telegram.error.Conflict: Conflict: terminated by other getUpdates request; make sure that only one bot instance is running
2026-06-21 15:01:18 [httpx] INFO: HTTP Request: POST https://api.telegram.org/bot8711216541:AAF0lXqJmvUUf0Q8RGwqFN_BcE3uTVq76cs/getUpdates "HTTP/1.1 200 OK"
2026-06-21 15:01:28 [httpx] INFO: HTTP Request: POST https://api.telegram.org/bot8711216541:AAF0lXqJmvUUf0Q8RGwqFN_BcE3uTVq76cs/getUpdates "HTTP/1.1 200 OK"
2026-06-21 15:01:38 [httpx] INFO: HTTP Request: POST https://api.telegram.org/bot8711216541:AAF0lXqJmvUUf0Q8RGwqFN_BcE3uTVq76cs/getUpdates "HTTP/1.1 200 OK"
2026-06-21 15:01:41 [httpx] INFO: HTTP Request: POST https://api.telegram.org/bot8711216541:AAF0lXqJmvUUf0Q8RGwqFN_BcE3uTVq76cs/getUpdates "HTTP/1.1 409 Conflict"
2026-06-21 15:01:41 [telegram.ext.Application] ERROR: No error handlers are registered, logging exception.
Traceback (most recent call last):
  File "C:\Users\hp\AppData\Local\Programs\Python\Python311\Lib\site-packages\telegram\ext\_utils\networkloop.py", line 161, in network_retry_loop
    await do_action()
  File "C:\Users\hp\AppData\Local\Programs\Python\Python311\Lib\site-packages\telegram\ext\_utils\networkloop.py", line 154, in do_action
    action_cb_task.result()
  File "C:\Users\hp\AppData\Local\Programs\Python\Python311\Lib\site-packages\telegram\ext\_updater.py", line 340, in polling_action_cb
    updates = await self.bot.get_updates(
              ^^^^^^^^^^^^^^^^^^^^^^^^^^^
  File "C:\Users\hp\AppData\Local\Programs\Python\Python311\Lib\site-packages\telegram\ext\_extbot.py", line 672, in get_updates
    updates = await super().get_updates(
              ^^^^^^^^^^^^^^^^^^^^^^^^^^
  File "C:\Users\hp\AppData\Local\Programs\Python\Python311\Lib\site-packages\telegram\_bot.py", line 4865, in get_updates
    await self._post(
  File "C:\Users\hp\AppData\Local\Programs\Python\Python311\Lib\site-packages\telegram\_bot.py", line 704, in _post
    return await self._do_post(
           ^^^^^^^^^^^^^^^^^^^^
  File "C:\Users\hp\AppData\Local\Programs\Python\Python311\Lib\site-packages\telegram\ext\_extbot.py", line 370, in _do_post
    return await super()._do_post(
           ^^^^^^^^^^^^^^^^^^^^^^^
  File "C:\Users\hp\AppData\Local\Programs\Python\Python311\Lib\site-packages\telegram\_bot.py", line 733, in _do_post
    result = await request.post(
             ^^^^^^^^^^^^^^^^^^^
  File "C:\Users\hp\AppData\Local\Programs\Python\Python311\Lib\site-packages\telegram\request\_baserequest.py", line 198, in post
    result = await self._request_wrapper(
             ^^^^^^^^^^^^^^^^^^^^^^^^^^^^
  File "C:\Users\hp\AppData\Local\Programs\Python\Python311\Lib\site-packages\telegram\request\_baserequest.py", line 375, in _request_wrapper
    raise exception
telegram.error.Conflict: Conflict: terminated by other getUpdates request; make sure that only one bot instance is running
2026-06-21 15:01:52 [httpx] INFO: HTTP Request: POST https://api.telegram.org/bot8711216541:AAF0lXqJmvUUf0Q8RGwqFN_BcE3uTVq76cs/getUpdates "HTTP/1.1 200 OK"
2026-06-21 15:02:02 [httpx] INFO: HTTP Request: POST https://api.telegram.org/bot8711216541:AAF0lXqJmvUUf0Q8RGwqFN_BcE3uTVq76cs/getUpdates "HTTP/1.1 200 OK"
2026-06-21 15:02:13 [httpx] INFO: HTTP Request: POST https://api.telegram.org/bot8711216541:AAF0lXqJmvUUf0Q8RGwqFN_BcE3uTVq76cs/getUpdates "HTTP/1.1 200 OK"
2026-06-21 15:02:15 [httpx] INFO: HTTP Request: POST https://api.telegram.org/bot8711216541:AAF0lXqJmvUUf0Q8RGwqFN_BcE3uTVq76cs/getUpdates "HTTP/1.1 409 Conflict"
2026-06-21 15:02:15 [telegram.ext.Application] ERROR: No error handlers are registered, logging exception.
Traceback (most recent call last):
  File "C:\Users\hp\AppData\Local\Programs\Python\Python311\Lib\site-packages\telegram\ext\_utils\networkloop.py", line 161, in network_retry_loop
    await do_action()
  File "C:\Users\hp\AppData\Local\Programs\Python\Python311\Lib\site-packages\telegram\ext\_utils\networkloop.py", line 154, in do_action
    action_cb_task.result()
  File "C:\Users\hp\AppData\Local\Programs\Python\Python311\Lib\site-packages\telegram\ext\_updater.py", line 340, in polling_action_cb
    updates = await self.bot.get_updates(
              ^^^^^^^^^^^^^^^^^^^^^^^^^^^
  File "C:\Users\hp\AppData\Local\Programs\Python\Python311\Lib\site-packages\telegram\ext\_extbot.py", line 672, in get_updates
    updates = await super().get_updates(
              ^^^^^^^^^^^^^^^^^^^^^^^^^^
  File "C:\Users\hp\AppData\Local\Programs\Python\Python311\Lib\site-packages\telegram\_bot.py", line 4865, in get_updates
    await self._post(
  File "C:\Users\hp\AppData\Local\Programs\Python\Python311\Lib\site-packages\telegram\_bot.py", line 704, in _post
    return await self._do_post(
           ^^^^^^^^^^^^^^^^^^^^
  File "C:\Users\hp\AppData\Local\Programs\Python\Python311\Lib\site-packages\telegram\ext\_extbot.py", line 370, in _do_post
    return await super()._do_post(
           ^^^^^^^^^^^^^^^^^^^^^^^
  File "C:\Users\hp\AppData\Local\Programs\Python\Python311\Lib\site-packages\telegram\_bot.py", line 733, in _do_post
    result = await request.post(
             ^^^^^^^^^^^^^^^^^^^
  File "C:\Users\hp\AppData\Local\Programs\Python\Python311\Lib\site-packages\telegram\request\_baserequest.py", line 198, in post
    result = await self._request_wrapper(
             ^^^^^^^^^^^^^^^^^^^^^^^^^^^^
  File "C:\Users\hp\AppData\Local\Programs\Python\Python311\Lib\site-packages\telegram\request\_baserequest.py", line 375, in _request_wrapper
    raise exception
telegram.error.Conflict: Conflict: terminated by other getUpdates request; make sure that only one bot instance is running
2026-06-21 15:02:27 [httpx] INFO: HTTP Request: POST https://api.telegram.org/bot8711216541:AAF0lXqJmvUUf0Q8RGwqFN_BcE3uTVq76cs/getUpdates "HTTP/1.1 200 OK"
2026-06-21 15:02:37 [httpx] INFO: HTTP Request: POST https://api.telegram.org/bot8711216541:AAF0lXqJmvUUf0Q8RGwqFN_BcE3uTVq76cs/getUpdates "HTTP/1.1 200 OK"
2026-06-21 15:02:47 [httpx] INFO: HTTP Request: POST https://api.telegram.org/bot8711216541:AAF0lXqJmvUUf0Q8RGwqFN_BcE3uTVq76cs/getUpdates "HTTP/1.1 200 OK"
2026-06-21 15:02:50 [httpx] INFO: HTTP Request: POST https://api.telegram.org/bot8711216541:AAF0lXqJmvUUf0Q8RGwqFN_BcE3uTVq76cs/getUpdates "HTTP/1.1 409 Conflict"
2026-06-21 15:02:50 [telegram.ext.Application] ERROR: No error handlers are registered, logging exception.
Traceback (most recent call last):
  File "C:\Users\hp\AppData\Local\Programs\Python\Python311\Lib\site-packages\telegram\ext\_utils\networkloop.py", line 161, in network_retry_loop
    await do_action()
  File "C:\Users\hp\AppData\Local\Programs\Python\Python311\Lib\site-packages\telegram\ext\_utils\networkloop.py", line 154, in do_action
    action_cb_task.result()
  File "C:\Users\hp\AppData\Local\Programs\Python\Python311\Lib\site-packages\telegram\ext\_updater.py", line 340, in polling_action_cb
    updates = await self.bot.get_updates(
              ^^^^^^^^^^^^^^^^^^^^^^^^^^^
  File "C:\Users\hp\AppData\Local\Programs\Python\Python311\Lib\site-packages\telegram\ext\_extbot.py", line 672, in get_updates
    updates = await super().get_updates(
              ^^^^^^^^^^^^^^^^^^^^^^^^^^
  File "C:\Users\hp\AppData\Local\Programs\Python\Python311\Lib\site-packages\telegram\_bot.py", line 4865, in get_updates
    await self._post(
  File "C:\Users\hp\AppData\Local\Programs\Python\Python311\Lib\site-packages\telegram\_bot.py", line 704, in _post
    return await self._do_post(
           ^^^^^^^^^^^^^^^^^^^^
  File "C:\Users\hp\AppData\Local\Programs\Python\Python311\Lib\site-packages\telegram\ext\_extbot.py", line 370, in _do_post
    return await super()._do_post(
           ^^^^^^^^^^^^^^^^^^^^^^^
  File "C:\Users\hp\AppData\Local\Programs\Python\Python311\Lib\site-packages\telegram\_bot.py", line 733, in _do_post
    result = await request.post(
             ^^^^^^^^^^^^^^^^^^^
  File "C:\Users\hp\AppData\Local\Programs\Python\Python311\Lib\site-packages\telegram\request\_baserequest.py", line 198, in post
    result = await self._request_wrapper(
             ^^^^^^^^^^^^^^^^^^^^^^^^^^^^
  File "C:\Users\hp\AppData\Local\Programs\Python\Python311\Lib\site-packages\telegram\request\_baserequest.py", line 375, in _request_wrapper
    raise exception
telegram.error.Conflict: Conflict: terminated by other getUpdates request; make sure that only one bot instance is running
2026-06-21 15:03:01 [httpx] INFO: HTTP Request: POST https://api.telegram.org/bot8711216541:AAF0lXqJmvUUf0Q8RGwqFN_BcE3uTVq76cs/getUpdates "HTTP/1.1 200 OK"
2026-06-21 15:03:11 [httpx] INFO: HTTP Request: POST https://api.telegram.org/bot8711216541:AAF0lXqJmvUUf0Q8RGwqFN_BcE3uTVq76cs/getUpdates "HTTP/1.1 200 OK"
2026-06-21 15:03:21 [httpx] INFO: HTTP Request: POST https://api.telegram.org/bot8711216541:AAF0lXqJmvUUf0Q8RGwqFN_BcE3uTVq76cs/getUpdates "HTTP/1.1 200 OK"
2026-06-21 15:03:24 [httpx] INFO: HTTP Request: POST https://api.telegram.org/bot8711216541:AAF0lXqJmvUUf0Q8RGwqFN_BcE3uTVq76cs/getUpdates "HTTP/1.1 409 Conflict"
2026-06-21 15:03:24 [telegram.ext.Application] ERROR: No error handlers are registered, logging exception.
Traceback (most recent call last):
  File "C:\Users\hp\AppData\Local\Programs\Python\Python311\Lib\site-packages\telegram\ext\_utils\networkloop.py", line 161, in network_retry_loop
    await do_action()
  File "C:\Users\hp\AppData\Local\Programs\Python\Python311\Lib\site-packages\telegram\ext\_utils\networkloop.py", line 154, in do_action
    action_cb_task.result()
  File "C:\Users\hp\AppData\Local\Programs\Python\Python311\Lib\site-packages\telegram\ext\_updater.py", line 340, in polling_action_cb
    updates = await self.bot.get_updates(
              ^^^^^^^^^^^^^^^^^^^^^^^^^^^
  File "C:\Users\hp\AppData\Local\Programs\Python\Python311\Lib\site-packages\telegram\ext\_extbot.py", line 672, in get_updates
    updates = await super().get_updates(
              ^^^^^^^^^^^^^^^^^^^^^^^^^^
  File "C:\Users\hp\AppData\Local\Programs\Python\Python311\Lib\site-packages\telegram\_bot.py", line 4865, in get_updates
    await self._post(
  File "C:\Users\hp\AppData\Local\Programs\Python\Python311\Lib\site-packages\telegram\_bot.py", line 704, in _post
    return await self._do_post(
           ^^^^^^^^^^^^^^^^^^^^
  File "C:\Users\hp\AppData\Local\Programs\Python\Python311\Lib\site-packages\telegram\ext\_extbot.py", line 370, in _do_post
    return await super()._do_post(
           ^^^^^^^^^^^^^^^^^^^^^^^
  File "C:\Users\hp\AppData\Local\Programs\Python\Python311\Lib\site-packages\telegram\_bot.py", line 733, in _do_post
    result = await request.post(
             ^^^^^^^^^^^^^^^^^^^
  File "C:\Users\hp\AppData\Local\Programs\Python\Python311\Lib\site-packages\telegram\request\_baserequest.py", line 198, in post
    result = await self._request_wrapper(
             ^^^^^^^^^^^^^^^^^^^^^^^^^^^^
  File "C:\Users\hp\AppData\Local\Programs\Python\Python311\Lib\site-packages\telegram\request\_baserequest.py", line 375, in _request_wrapper
    raise exception
telegram.error.Conflict: Conflict: terminated by other getUpdates request; make sure that only one bot instance is running
2026-06-21 15:03:35 [httpx] INFO: HTTP Request: POST https://api.telegram.org/bot8711216541:AAF0lXqJmvUUf0Q8RGwqFN_BcE3uTVq76cs/getUpdates "HTTP/1.1 200 OK"
2026-06-21 15:03:46 [httpx] INFO: HTTP Request: POST https://api.telegram.org/bot8711216541:AAF0lXqJmvUUf0Q8RGwqFN_BcE3uTVq76cs/getUpdates "HTTP/1.1 200 OK"
2026-06-21 15:03:56 [httpx] INFO: HTTP Request: POST https://api.telegram.org/bot8711216541:AAF0lXqJmvUUf0Q8RGwqFN_BcE3uTVq76cs/getUpdates "HTTP/1.1 200 OK"
2026-06-21 15:03:58 [httpx] INFO: HTTP Request: POST https://api.telegram.org/bot8711216541:AAF0lXqJmvUUf0Q8RGwqFN_BcE3uTVq76cs/getUpdates "HTTP/1.1 409 Conflict"
2026-06-21 15:03:58 [telegram.ext.Application] ERROR: No error handlers are registered, logging exception.
Traceback (most recent call last):
  File "C:\Users\hp\AppData\Local\Programs\Python\Python311\Lib\site-packages\telegram\ext\_utils\networkloop.py", line 161, in network_retry_loop
    await do_action()
  File "C:\Users\hp\AppData\Local\Programs\Python\Python311\Lib\site-packages\telegram\ext\_utils\networkloop.py", line 154, in do_action
    action_cb_task.result()
  File "C:\Users\hp\AppData\Local\Programs\Python\Python311\Lib\site-packages\telegram\ext\_updater.py", line 340, in polling_action_cb
    updates = await self.bot.get_updates(
              ^^^^^^^^^^^^^^^^^^^^^^^^^^^
  File "C:\Users\hp\AppData\Local\Programs\Python\Python311\Lib\site-packages\telegram\ext\_extbot.py", line 672, in get_updates
    updates = await super().get_updates(
              ^^^^^^^^^^^^^^^^^^^^^^^^^^
  File "C:\Users\hp\AppData\Local\Programs\Python\Python311\Lib\site-packages\telegram\_bot.py", line 4865, in get_updates
    await self._post(
  File "C:\Users\hp\AppData\Local\Programs\Python\Python311\Lib\site-packages\telegram\_bot.py", line 704, in _post
    return await self._do_post(
           ^^^^^^^^^^^^^^^^^^^^
  File "C:\Users\hp\AppData\Local\Programs\Python\Python311\Lib\site-packages\telegram\ext\_extbot.py", line 370, in _do_post
    return await super()._do_post(
           ^^^^^^^^^^^^^^^^^^^^^^^
  File "C:\Users\hp\AppData\Local\Programs\Python\Python311\Lib\site-packages\telegram\_bot.py", line 733, in _do_post
    result = await request.post(
             ^^^^^^^^^^^^^^^^^^^
  File "C:\Users\hp\AppData\Local\Programs\Python\Python311\Lib\site-packages\telegram\request\_baserequest.py", line 198, in post
    result = await self._request_wrapper(
             ^^^^^^^^^^^^^^^^^^^^^^^^^^^^
  File "C:\Users\hp\AppData\Local\Programs\Python\Python311\Lib\site-packages\telegram\request\_baserequest.py", line 375, in _request_wrapper
    raise exception
telegram.error.Conflict: Conflict: terminated by other getUpdates request; make sure that only one bot instance is running
2026-06-21 15:04:10 [httpx] INFO: HTTP Request: POST https://api.telegram.org/bot8711216541:AAF0lXqJmvUUf0Q8RGwqFN_BcE3uTVq76cs/getUpdates "HTTP/1.1 200 OK"
2026-06-21 15:04:20 [httpx] INFO: HTTP Request: POST https://api.telegram.org/bot8711216541:AAF0lXqJmvUUf0Q8RGwqFN_BcE3uTVq76cs/getUpdates "HTTP/1.1 200 OK"
2026-06-21 15:04:30 [httpx] INFO: HTTP Request: POST https://api.telegram.org/bot8711216541:AAF0lXqJmvUUf0Q8RGwqFN_BcE3uTVq76cs/getUpdates "HTTP/1.1 200 OK"
2026-06-21 15:04:33 [httpx] INFO: HTTP Request: POST https://api.telegram.org/bot8711216541:AAF0lXqJmvUUf0Q8RGwqFN_BcE3uTVq76cs/getUpdates "HTTP/1.1 409 Conflict"
2026-06-21 15:04:33 [telegram.ext.Application] ERROR: No error handlers are registered, logging exception.
Traceback (most recent call last):
  File "C:\Users\hp\AppData\Local\Programs\Python\Python311\Lib\site-packages\telegram\ext\_utils\networkloop.py", line 161, in network_retry_loop
    await do_action()
  File "C:\Users\hp\AppData\Local\Programs\Python\Python311\Lib\site-packages\telegram\ext\_utils\networkloop.py", line 154, in do_action
    action_cb_task.result()
  File "C:\Users\hp\AppData\Local\Programs\Python\Python311\Lib\site-packages\telegram\ext\_updater.py", line 340, in polling_action_cb
    updates = await self.bot.get_updates(
              ^^^^^^^^^^^^^^^^^^^^^^^^^^^
  File "C:\Users\hp\AppData\Local\Programs\Python\Python311\Lib\site-packages\telegram\ext\_extbot.py", line 672, in get_updates
    updates = await super().get_updates(
              ^^^^^^^^^^^^^^^^^^^^^^^^^^
  File "C:\Users\hp\AppData\Local\Programs\Python\Python311\Lib\site-packages\telegram\_bot.py", line 4865, in get_updates
    await self._post(
  File "C:\Users\hp\AppData\Local\Programs\Python\Python311\Lib\site-packages\telegram\_bot.py", line 704, in _post
    return await self._do_post(
           ^^^^^^^^^^^^^^^^^^^^
  File "C:\Users\hp\AppData\Local\Programs\Python\Python311\Lib\site-packages\telegram\ext\_extbot.py", line 370, in _do_post
    return await super()._do_post(
           ^^^^^^^^^^^^^^^^^^^^^^^
  File "C:\Users\hp\AppData\Local\Programs\Python\Python311\Lib\site-packages\telegram\_bot.py", line 733, in _do_post
    result = await request.post(
             ^^^^^^^^^^^^^^^^^^^
  File "C:\Users\hp\AppData\Local\Programs\Python\Python311\Lib\site-packages\telegram\request\_baserequest.py", line 198, in post
    result = await self._request_wrapper(
             ^^^^^^^^^^^^^^^^^^^^^^^^^^^^
  File "C:\Users\hp\AppData\Local\Programs\Python\Python311\Lib\site-packages\telegram\request\_baserequest.py", line 375, in _request_wrapper
    raise exception
telegram.error.Conflict: Conflict: terminated by other getUpdates request; make sure that only one bot instance is running
2026-06-21 15:04:44 [httpx] INFO: HTTP Request: POST https://api.telegram.org/bot8711216541:AAF0lXqJmvUUf0Q8RGwqFN_BcE3uTVq76cs/getUpdates "HTTP/1.1 200 OK"
2026-06-21 15:04:54 [httpx] INFO: HTTP Request: POST https://api.telegram.org/bot8711216541:AAF0lXqJmvUUf0Q8RGwqFN_BcE3uTVq76cs/getUpdates "HTTP/1.1 200 OK"
2026-06-21 15:05:05 [httpx] INFO: HTTP Request: POST https://api.telegram.org/bot8711216541:AAF0lXqJmvUUf0Q8RGwqFN_BcE3uTVq76cs/getUpdates "HTTP/1.1 200 OK"
2026-06-21 15:05:07 [httpx] INFO: HTTP Request: POST https://api.telegram.org/bot8711216541:AAF0lXqJmvUUf0Q8RGwqFN_BcE3uTVq76cs/getUpdates "HTTP/1.1 409 Conflict"
2026-06-21 15:05:07 [telegram.ext.Application] ERROR: No error handlers are registered, logging exception.
Traceback (most recent call last):
  File "C:\Users\hp\AppData\Local\Programs\Python\Python311\Lib\site-packages\telegram\ext\_utils\networkloop.py", line 161, in network_retry_loop
    await do_action()
  File "C:\Users\hp\AppData\Local\Programs\Python\Python311\Lib\site-packages\telegram\ext\_utils\networkloop.py", line 154, in do_action
    action_cb_task.result()
  File "C:\Users\hp\AppData\Local\Programs\Python\Python311\Lib\site-packages\telegram\ext\_updater.py", line 340, in polling_action_cb
    updates = await self.bot.get_updates(
              ^^^^^^^^^^^^^^^^^^^^^^^^^^^
  File "C:\Users\hp\AppData\Local\Programs\Python\Python311\Lib\site-packages\telegram\ext\_extbot.py", line 672, in get_updates
    updates = await super().get_updates(
              ^^^^^^^^^^^^^^^^^^^^^^^^^^
  File "C:\Users\hp\AppData\Local\Programs\Python\Python311\Lib\site-packages\telegram\_bot.py", line 4865, in get_updates
    await self._post(
  File "C:\Users\hp\AppData\Local\Programs\Python\Python311\Lib\site-packages\telegram\_bot.py", line 704, in _post
    return await self._do_post(
           ^^^^^^^^^^^^^^^^^^^^
  File "C:\Users\hp\AppData\Local\Programs\Python\Python311\Lib\site-packages\telegram\ext\_extbot.py", line 370, in _do_post
    return await super()._do_post(
           ^^^^^^^^^^^^^^^^^^^^^^^
  File "C:\Users\hp\AppData\Local\Programs\Python\Python311\Lib\site-packages\telegram\_bot.py", line 733, in _do_post
    result = await request.post(
             ^^^^^^^^^^^^^^^^^^^
  File "C:\Users\hp\AppData\Local\Programs\Python\Python311\Lib\site-packages\telegram\request\_baserequest.py", line 198, in post
    result = await self._request_wrapper(
             ^^^^^^^^^^^^^^^^^^^^^^^^^^^^
  File "C:\Users\hp\AppData\Local\Programs\Python\Python311\Lib\site-packages\telegram\request\_baserequest.py", line 375, in _request_wrapper
    raise exception
telegram.error.Conflict: Conflict: terminated by other getUpdates request; make sure that only one bot instance is running
2026-06-21 15:05:18 [httpx] INFO: HTTP Request: POST https://api.telegram.org/bot8711216541:AAF0lXqJmvUUf0Q8RGwqFN_BcE3uTVq76cs/getUpdates "HTTP/1.1 200 OK"
2026-06-21 15:05:29 [httpx] INFO: HTTP Request: POST https://api.telegram.org/bot8711216541:AAF0lXqJmvUUf0Q8RGwqFN_BcE3uTVq76cs/getUpdates "HTTP/1.1 200 OK"
2026-06-21 15:05:39 [httpx] INFO: HTTP Request: POST https://api.telegram.org/bot8711216541:AAF0lXqJmvUUf0Q8RGwqFN_BcE3uTVq76cs/getUpdates "HTTP/1.1 200 OK"
2026-06-21 15:05:41 [httpx] INFO: HTTP Request: POST https://api.telegram.org/bot8711216541:AAF0lXqJmvUUf0Q8RGwqFN_BcE3uTVq76cs/getUpdates "HTTP/1.1 409 Conflict"
2026-06-21 15:05:41 [telegram.ext.Application] ERROR: No error handlers are registered, logging exception.
Traceback (most recent call last):
  File "C:\Users\hp\AppData\Local\Programs\Python\Python311\Lib\site-packages\telegram\ext\_utils\networkloop.py", line 161, in network_retry_loop
    await do_action()
  File "C:\Users\hp\AppData\Local\Programs\Python\Python311\Lib\site-packages\telegram\ext\_utils\networkloop.py", line 154, in do_action
    action_cb_task.result()
  File "C:\Users\hp\AppData\Local\Programs\Python\Python311\Lib\site-packages\telegram\ext\_updater.py", line 340, in polling_action_cb
    updates = await self.bot.get_updates(
              ^^^^^^^^^^^^^^^^^^^^^^^^^^^
  File "C:\Users\hp\AppData\Local\Programs\Python\Python311\Lib\site-packages\telegram\ext\_extbot.py", line 672, in get_updates
    updates = await super().get_updates(
              ^^^^^^^^^^^^^^^^^^^^^^^^^^
  File "C:\Users\hp\AppData\Local\Programs\Python\Python311\Lib\site-packages\telegram\_bot.py", line 4865, in get_updates
    await self._post(
  File "C:\Users\hp\AppData\Local\Programs\Python\Python311\Lib\site-packages\telegram\_bot.py", line 704, in _post
    return await self._do_post(
           ^^^^^^^^^^^^^^^^^^^^
  File "C:\Users\hp\AppData\Local\Programs\Python\Python311\Lib\site-packages\telegram\ext\_extbot.py", line 370, in _do_post
    return await super()._do_post(
           ^^^^^^^^^^^^^^^^^^^^^^^
  File "C:\Users\hp\AppData\Local\Programs\Python\Python311\Lib\site-packages\telegram\_bot.py", line 733, in _do_post
    result = await request.post(
             ^^^^^^^^^^^^^^^^^^^
  File "C:\Users\hp\AppData\Local\Programs\Python\Python311\Lib\site-packages\telegram\request\_baserequest.py", line 198, in post
    result = await self._request_wrapper(
             ^^^^^^^^^^^^^^^^^^^^^^^^^^^^
  File "C:\Users\hp\AppData\Local\Programs\Python\Python311\Lib\site-packages\telegram\request\_baserequest.py", line 375, in _request_wrapper
    raise exception
telegram.error.Conflict: Conflict: terminated by other getUpdates request; make sure that only one bot instance is running
2026-06-21 15:05:53 [httpx] INFO: HTTP Request: POST https://api.telegram.org/bot8711216541:AAF0lXqJmvUUf0Q8RGwqFN_BcE3uTVq76cs/getUpdates "HTTP/1.1 200 OK"
2026-06-21 15:06:03 [httpx] INFO: HTTP Request: POST https://api.telegram.org/bot8711216541:AAF0lXqJmvUUf0Q8RGwqFN_BcE3uTVq76cs/getUpdates "HTTP/1.1 200 OK"
2026-06-21 15:06:13 [httpx] INFO: HTTP Request: POST https://api.telegram.org/bot8711216541:AAF0lXqJmvUUf0Q8RGwqFN_BcE3uTVq76cs/getUpdates "HTTP/1.1 200 OK"
2026-06-21 15:06:16 [httpx] INFO: HTTP Request: POST https://api.telegram.org/bot8711216541:AAF0lXqJmvUUf0Q8RGwqFN_BcE3uTVq76cs/getUpdates "HTTP/1.1 409 Conflict"
2026-06-21 15:06:16 [telegram.ext.Application] ERROR: No error handlers are registered, logging exception.
Traceback (most recent call last):
  File "C:\Users\hp\AppData\Local\Programs\Python\Python311\Lib\site-packages\telegram\ext\_utils\networkloop.py", line 161, in network_retry_loop
    await do_action()
  File "C:\Users\hp\AppData\Local\Programs\Python\Python311\Lib\site-packages\telegram\ext\_utils\networkloop.py", line 154, in do_action
    action_cb_task.result()
  File "C:\Users\hp\AppData\Local\Programs\Python\Python311\Lib\site-packages\telegram\ext\_updater.py", line 340, in polling_action_cb
    updates = await self.bot.get_updates(
              ^^^^^^^^^^^^^^^^^^^^^^^^^^^
  File "C:\Users\hp\AppData\Local\Programs\Python\Python311\Lib\site-packages\telegram\ext\_extbot.py", line 672, in get_updates
    updates = await super().get_updates(
              ^^^^^^^^^^^^^^^^^^^^^^^^^^
  File "C:\Users\hp\AppData\Local\Programs\Python\Python311\Lib\site-packages\telegram\_bot.py", line 4865, in get_updates
    await self._post(
  File "C:\Users\hp\AppData\Local\Programs\Python\Python311\Lib\site-packages\telegram\_bot.py", line 704, in _post
    return await self._do_post(
           ^^^^^^^^^^^^^^^^^^^^
  File "C:\Users\hp\AppData\Local\Programs\Python\Python311\Lib\site-packages\telegram\ext\_extbot.py", line 370, in _do_post
    return await super()._do_post(
           ^^^^^^^^^^^^^^^^^^^^^^^
  File "C:\Users\hp\AppData\Local\Programs\Python\Python311\Lib\site-packages\telegram\_bot.py", line 733, in _do_post
    result = await request.post(
             ^^^^^^^^^^^^^^^^^^^
  File "C:\Users\hp\AppData\Local\Programs\Python\Python311\Lib\site-packages\telegram\request\_baserequest.py", line 198, in post
    result = await self._request_wrapper(
             ^^^^^^^^^^^^^^^^^^^^^^^^^^^^
  File "C:\Users\hp\AppData\Local\Programs\Python\Python311\Lib\site-packages\telegram\request\_baserequest.py", line 375, in _request_wrapper
    raise exception
telegram.error.Conflict: Conflict: terminated by other getUpdates request; make sure that only one bot instance is running
2026-06-21 15:06:27 [httpx] INFO: HTTP Request: POST https://api.telegram.org/bot8711216541:AAF0lXqJmvUUf0Q8RGwqFN_BcE3uTVq76cs/getUpdates "HTTP/1.1 200 OK"
2026-06-21 15:06:37 [httpx] INFO: HTTP Request: POST https://api.telegram.org/bot8711216541:AAF0lXqJmvUUf0Q8RGwqFN_BcE3uTVq76cs/getUpdates "HTTP/1.1 200 OK"
2026-06-21 15:06:47 [httpx] INFO: HTTP Request: POST https://api.telegram.org/bot8711216541:AAF0lXqJmvUUf0Q8RGwqFN_BcE3uTVq76cs/getUpdates "HTTP/1.1 200 OK"
2026-06-21 15:06:50 [httpx] INFO: HTTP Request: POST https://api.telegram.org/bot8711216541:AAF0lXqJmvUUf0Q8RGwqFN_BcE3uTVq76cs/getUpdates "HTTP/1.1 409 Conflict"
2026-06-21 15:06:50 [telegram.ext.Application] ERROR: No error handlers are registered, logging exception.
Traceback (most recent call last):
  File "C:\Users\hp\AppData\Local\Programs\Python\Python311\Lib\site-packages\telegram\ext\_utils\networkloop.py", line 161, in network_retry_loop
    await do_action()
  File "C:\Users\hp\AppData\Local\Programs\Python\Python311\Lib\site-packages\telegram\ext\_utils\networkloop.py", line 154, in do_action
    action_cb_task.result()
  File "C:\Users\hp\AppData\Local\Programs\Python\Python311\Lib\site-packages\telegram\ext\_updater.py", line 340, in polling_action_cb
    updates = await self.bot.get_updates(
              ^^^^^^^^^^^^^^^^^^^^^^^^^^^
  File "C:\Users\hp\AppData\Local\Programs\Python\Python311\Lib\site-packages\telegram\ext\_extbot.py", line 672, in get_updates
    updates = await super().get_updates(
              ^^^^^^^^^^^^^^^^^^^^^^^^^^
  File "C:\Users\hp\AppData\Local\Programs\Python\Python311\Lib\site-packages\telegram\_bot.py", line 4865, in get_updates
    await self._post(
  File "C:\Users\hp\AppData\Local\Programs\Python\Python311\Lib\site-packages\telegram\_bot.py", line 704, in _post
    return await self._do_post(
           ^^^^^^^^^^^^^^^^^^^^
  File "C:\Users\hp\AppData\Local\Programs\Python\Python311\Lib\site-packages\telegram\ext\_extbot.py", line 370, in _do_post
    return await super()._do_post(
           ^^^^^^^^^^^^^^^^^^^^^^^
  File "C:\Users\hp\AppData\Local\Programs\Python\Python311\Lib\site-packages\telegram\_bot.py", line 733, in _do_post
    result = await request.post(
             ^^^^^^^^^^^^^^^^^^^
  File "C:\Users\hp\AppData\Local\Programs\Python\Python311\Lib\site-packages\telegram\request\_baserequest.py", line 198, in post
    result = await self._request_wrapper(
             ^^^^^^^^^^^^^^^^^^^^^^^^^^^^
  File "C:\Users\hp\AppData\Local\Programs\Python\Python311\Lib\site-packages\telegram\request\_baserequest.py", line 375, in _request_wrapper
    raise exception
telegram.error.Conflict: Conflict: terminated by other getUpdates request; make sure that only one bot instance is running
2026-06-21 15:07:01 [httpx] INFO: HTTP Request: POST https://api.telegram.org/bot8711216541:AAF0lXqJmvUUf0Q8RGwqFN_BcE3uTVq76cs/getUpdates "HTTP/1.1 200 OK"
2026-06-21 15:07:11 [httpx] INFO: HTTP Request: POST https://api.telegram.org/bot8711216541:AAF0lXqJmvUUf0Q8RGwqFN_BcE3uTVq76cs/getUpdates "HTTP/1.1 200 OK"
2026-06-21 15:07:22 [httpx] INFO: HTTP Request: POST https://api.telegram.org/bot8711216541:AAF0lXqJmvUUf0Q8RGwqFN_BcE3uTVq76cs/getUpdates "HTTP/1.1 200 OK"
2026-06-21 15:07:24 [httpx] INFO: HTTP Request: POST https://api.telegram.org/bot8711216541:AAF0lXqJmvUUf0Q8RGwqFN_BcE3uTVq76cs/getUpdates "HTTP/1.1 409 Conflict"
2026-06-21 15:07:24 [telegram.ext.Application] ERROR: No error handlers are registered, logging exception.
Traceback (most recent call last):
  File "C:\Users\hp\AppData\Local\Programs\Python\Python311\Lib\site-packages\telegram\ext\_utils\networkloop.py", line 161, in network_retry_loop
    await do_action()
  File "C:\Users\hp\AppData\Local\Programs\Python\Python311\Lib\site-packages\telegram\ext\_utils\networkloop.py", line 154, in do_action
    action_cb_task.result()
  File "C:\Users\hp\AppData\Local\Programs\Python\Python311\Lib\site-packages\telegram\ext\_updater.py", line 340, in polling_action_cb
    updates = await self.bot.get_updates(
              ^^^^^^^^^^^^^^^^^^^^^^^^^^^
  File "C:\Users\hp\AppData\Local\Programs\Python\Python311\Lib\site-packages\telegram\ext\_extbot.py", line 672, in get_updates
    updates = await super().get_updates(
              ^^^^^^^^^^^^^^^^^^^^^^^^^^
  File "C:\Users\hp\AppData\Local\Programs\Python\Python311\Lib\site-packages\telegram\_bot.py", line 4865, in get_updates
    await self._post(
  File "C:\Users\hp\AppData\Local\Programs\Python\Python311\Lib\site-packages\telegram\_bot.py", line 704, in _post
    return await self._do_post(
           ^^^^^^^^^^^^^^^^^^^^
  File "C:\Users\hp\AppData\Local\Programs\Python\Python311\Lib\site-packages\telegram\ext\_extbot.py", line 370, in _do_post
    return await super()._do_post(
           ^^^^^^^^^^^^^^^^^^^^^^^
  File "C:\Users\hp\AppData\Local\Programs\Python\Python311\Lib\site-packages\telegram\_bot.py", line 733, in _do_post
    result = await request.post(
             ^^^^^^^^^^^^^^^^^^^
  File "C:\Users\hp\AppData\Local\Programs\Python\Python311\Lib\site-packages\telegram\request\_baserequest.py", line 198, in post
    result = await self._request_wrapper(
             ^^^^^^^^^^^^^^^^^^^^^^^^^^^^
  File "C:\Users\hp\AppData\Local\Programs\Python\Python311\Lib\site-packages\telegram\request\_baserequest.py", line 375, in _request_wrapper
    raise exception
telegram.error.Conflict: Conflict: terminated by other getUpdates request; make sure that only one bot instance is running
2026-06-21 15:07:36 [httpx] INFO: HTTP Request: POST https://api.telegram.org/bot8711216541:AAF0lXqJmvUUf0Q8RGwqFN_BcE3uTVq76cs/getUpdates "HTTP/1.1 200 OK"
2026-06-21 15:07:46 [httpx] INFO: HTTP Request: POST https://api.telegram.org/bot8711216541:AAF0lXqJmvUUf0Q8RGwqFN_BcE3uTVq76cs/getUpdates "HTTP/1.1 200 OK"
2026-06-21 15:07:56 [httpx] INFO: HTTP Request: POST https://api.telegram.org/bot8711216541:AAF0lXqJmvUUf0Q8RGwqFN_BcE3uTVq76cs/getUpdates "HTTP/1.1 200 OK"
2026-06-21 15:07:59 [httpx] INFO: HTTP Request: POST https://api.telegram.org/bot8711216541:AAF0lXqJmvUUf0Q8RGwqFN_BcE3uTVq76cs/getUpdates "HTTP/1.1 409 Conflict"
2026-06-21 15:07:59 [telegram.ext.Application] ERROR: No error handlers are registered, logging exception.
Traceback (most recent call last):
  File "C:\Users\hp\AppData\Local\Programs\Python\Python311\Lib\site-packages\telegram\ext\_utils\networkloop.py", line 161, in network_retry_loop
    await do_action()
  File "C:\Users\hp\AppData\Local\Programs\Python\Python311\Lib\site-packages\telegram\ext\_utils\networkloop.py", line 154, in do_action
    action_cb_task.result()
  File "C:\Users\hp\AppData\Local\Programs\Python\Python311\Lib\site-packages\telegram\ext\_updater.py", line 340, in polling_action_cb
    updates = await self.bot.get_updates(
              ^^^^^^^^^^^^^^^^^^^^^^^^^^^
  File "C:\Users\hp\AppData\Local\Programs\Python\Python311\Lib\site-packages\telegram\ext\_extbot.py", line 672, in get_updates
    updates = await super().get_updates(
              ^^^^^^^^^^^^^^^^^^^^^^^^^^
  File "C:\Users\hp\AppData\Local\Programs\Python\Python311\Lib\site-packages\telegram\_bot.py", line 4865, in get_updates
    await self._post(
  File "C:\Users\hp\AppData\Local\Programs\Python\Python311\Lib\site-packages\telegram\_bot.py", line 704, in _post
    return await self._do_post(
           ^^^^^^^^^^^^^^^^^^^^
  File "C:\Users\hp\AppData\Local\Programs\Python\Python311\Lib\site-packages\telegram\ext\_extbot.py", line 370, in _do_post
    return await super()._do_post(
           ^^^^^^^^^^^^^^^^^^^^^^^
  File "C:\Users\hp\AppData\Local\Programs\Python\Python311\Lib\site-packages\telegram\_bot.py", line 733, in _do_post
    result = await request.post(
             ^^^^^^^^^^^^^^^^^^^
  File "C:\Users\hp\AppData\Local\Programs\Python\Python311\Lib\site-packages\telegram\request\_baserequest.py", line 198, in post
    result = await self._request_wrapper(
             ^^^^^^^^^^^^^^^^^^^^^^^^^^^^
  File "C:\Users\hp\AppData\Local\Programs\Python\Python311\Lib\site-packages\telegram\request\_baserequest.py", line 375, in _request_wrapper
    raise exception
telegram.error.Conflict: Conflict: terminated by other getUpdates request; make sure that only one bot instance is running
2026-06-21 15:08:10 [httpx] INFO: HTTP Request: POST https://api.telegram.org/bot8711216541:AAF0lXqJmvUUf0Q8RGwqFN_BcE3uTVq76cs/getUpdates "HTTP/1.1 200 OK"
2026-06-21 15:08:20 [httpx] INFO: HTTP Request: POST https://api.telegram.org/bot8711216541:AAF0lXqJmvUUf0Q8RGwqFN_BcE3uTVq76cs/getUpdates "HTTP/1.1 200 OK"
2026-06-21 15:08:30 [httpx] INFO: HTTP Request: POST https://api.telegram.org/bot8711216541:AAF0lXqJmvUUf0Q8RGwqFN_BcE3uTVq76cs/getUpdates "HTTP/1.1 200 OK"
2026-06-21 15:08:33 [httpx] INFO: HTTP Request: POST https://api.telegram.org/bot8711216541:AAF0lXqJmvUUf0Q8RGwqFN_BcE3uTVq76cs/getUpdates "HTTP/1.1 409 Conflict"
2026-06-21 15:08:33 [telegram.ext.Application] ERROR: No error handlers are registered, logging exception.
Traceback (most recent call last):
  File "C:\Users\hp\AppData\Local\Programs\Python\Python311\Lib\site-packages\telegram\ext\_utils\networkloop.py", line 161, in network_retry_loop
    await do_action()
  File "C:\Users\hp\AppData\Local\Programs\Python\Python311\Lib\site-packages\telegram\ext\_utils\networkloop.py", line 154, in do_action
    action_cb_task.result()
  File "C:\Users\hp\AppData\Local\Programs\Python\Python311\Lib\site-packages\telegram\ext\_updater.py", line 340, in polling_action_cb
    updates = await self.bot.get_updates(
              ^^^^^^^^^^^^^^^^^^^^^^^^^^^
  File "C:\Users\hp\AppData\Local\Programs\Python\Python311\Lib\site-packages\telegram\ext\_extbot.py", line 672, in get_updates
    updates = await super().get_updates(
              ^^^^^^^^^^^^^^^^^^^^^^^^^^
  File "C:\Users\hp\AppData\Local\Programs\Python\Python311\Lib\site-packages\telegram\_bot.py", line 4865, in get_updates
    await self._post(
  File "C:\Users\hp\AppData\Local\Programs\Python\Python311\Lib\site-packages\telegram\_bot.py", line 704, in _post
    return await self._do_post(
           ^^^^^^^^^^^^^^^^^^^^
  File "C:\Users\hp\AppData\Local\Programs\Python\Python311\Lib\site-packages\telegram\ext\_extbot.py", line 370, in _do_post
    return await super()._do_post(
           ^^^^^^^^^^^^^^^^^^^^^^^
  File "C:\Users\hp\AppData\Local\Programs\Python\Python311\Lib\site-packages\telegram\_bot.py", line 733, in _do_post
    result = await request.post(
             ^^^^^^^^^^^^^^^^^^^
  File "C:\Users\hp\AppData\Local\Programs\Python\Python311\Lib\site-packages\telegram\request\_baserequest.py", line 198, in post
    result = await self._request_wrapper(
             ^^^^^^^^^^^^^^^^^^^^^^^^^^^^
  File "C:\Users\hp\AppData\Local\Programs\Python\Python311\Lib\site-packages\telegram\request\_baserequest.py", line 375, in _request_wrapper
    raise exception
telegram.error.Conflict: Conflict: terminated by other getUpdates request; make sure that only one bot instance is running
2026-06-21 15:08:44 [httpx] INFO: HTTP Request: POST https://api.telegram.org/bot8711216541:AAF0lXqJmvUUf0Q8RGwqFN_BcE3uTVq76cs/getUpdates "HTTP/1.1 200 OK"
2026-06-21 15:08:54 [httpx] INFO: HTTP Request: POST https://api.telegram.org/bot8711216541:AAF0lXqJmvUUf0Q8RGwqFN_BcE3uTVq76cs/getUpdates "HTTP/1.1 200 OK"
2026-06-21 15:09:05 [httpx] INFO: HTTP Request: POST https://api.telegram.org/bot8711216541:AAF0lXqJmvUUf0Q8RGwqFN_BcE3uTVq76cs/getUpdates "HTTP/1.1 200 OK"
2026-06-21 15:09:07 [httpx] INFO: HTTP Request: POST https://api.telegram.org/bot8711216541:AAF0lXqJmvUUf0Q8RGwqFN_BcE3uTVq76cs/getUpdates "HTTP/1.1 409 Conflict"
2026-06-21 15:09:07 [telegram.ext.Application] ERROR: No error handlers are registered, logging exception.
Traceback (most recent call last):
  File "C:\Users\hp\AppData\Local\Programs\Python\Python311\Lib\site-packages\telegram\ext\_utils\networkloop.py", line 161, in network_retry_loop
    await do_action()
  File "C:\Users\hp\AppData\Local\Programs\Python\Python311\Lib\site-packages\telegram\ext\_utils\networkloop.py", line 154, in do_action
    action_cb_task.result()
  File "C:\Users\hp\AppData\Local\Programs\Python\Python311\Lib\site-packages\telegram\ext\_updater.py", line 340, in polling_action_cb
    updates = await self.bot.get_updates(
              ^^^^^^^^^^^^^^^^^^^^^^^^^^^
  File "C:\Users\hp\AppData\Local\Programs\Python\Python311\Lib\site-packages\telegram\ext\_extbot.py", line 672, in get_updates
    updates = await super().get_updates(
              ^^^^^^^^^^^^^^^^^^^^^^^^^^
  File "C:\Users\hp\AppData\Local\Programs\Python\Python311\Lib\site-packages\telegram\_bot.py", line 4865, in get_updates
    await self._post(
  File "C:\Users\hp\AppData\Local\Programs\Python\Python311\Lib\site-packages\telegram\_bot.py", line 704, in _post
    return await self._do_post(
           ^^^^^^^^^^^^^^^^^^^^
  File "C:\Users\hp\AppData\Local\Programs\Python\Python311\Lib\site-packages\telegram\ext\_extbot.py", line 370, in _do_post
    return await super()._do_post(
           ^^^^^^^^^^^^^^^^^^^^^^^
  File "C:\Users\hp\AppData\Local\Programs\Python\Python311\Lib\site-packages\telegram\_bot.py", line 733, in _do_post
    result = await request.post(
             ^^^^^^^^^^^^^^^^^^^
  File "C:\Users\hp\AppData\Local\Programs\Python\Python311\Lib\site-packages\telegram\request\_baserequest.py", line 198, in post
    result = await self._request_wrapper(
             ^^^^^^^^^^^^^^^^^^^^^^^^^^^^
  File "C:\Users\hp\AppData\Local\Programs\Python\Python311\Lib\site-packages\telegram\request\_baserequest.py", line 375, in _request_wrapper
    raise exception
telegram.error.Conflict: Conflict: terminated by other getUpdates request; make sure that only one bot instance is running
2026-06-21 15:09:19 [httpx] INFO: HTTP Request: POST https://api.telegram.org/bot8711216541:AAF0lXqJmvUUf0Q8RGwqFN_BcE3uTVq76cs/getUpdates "HTTP/1.1 200 OK"
2026-06-21 15:09:29 [httpx] INFO: HTTP Request: POST https://api.telegram.org/bot8711216541:AAF0lXqJmvUUf0Q8RGwqFN_BcE3uTVq76cs/getUpdates "HTTP/1.1 200 OK"
2026-06-21 15:09:39 [httpx] INFO: HTTP Request: POST https://api.telegram.org/bot8711216541:AAF0lXqJmvUUf0Q8RGwqFN_BcE3uTVq76cs/getUpdates "HTTP/1.1 200 OK"
2026-06-21 15:09:42 [httpx] INFO: HTTP Request: POST https://api.telegram.org/bot8711216541:AAF0lXqJmvUUf0Q8RGwqFN_BcE3uTVq76cs/getUpdates "HTTP/1.1 409 Conflict"
2026-06-21 15:09:42 [telegram.ext.Application] ERROR: No error handlers are registered, logging exception.
Traceback (most recent call last):
  File "C:\Users\hp\AppData\Local\Programs\Python\Python311\Lib\site-packages\telegram\ext\_utils\networkloop.py", line 161, in network_retry_loop
    await do_action()
  File "C:\Users\hp\AppData\Local\Programs\Python\Python311\Lib\site-packages\telegram\ext\_utils\networkloop.py", line 154, in do_action
    action_cb_task.result()
  File "C:\Users\hp\AppData\Local\Programs\Python\Python311\Lib\site-packages\telegram\ext\_updater.py", line 340, in polling_action_cb
    updates = await self.bot.get_updates(
              ^^^^^^^^^^^^^^^^^^^^^^^^^^^
  File "C:\Users\hp\AppData\Local\Programs\Python\Python311\Lib\site-packages\telegram\ext\_extbot.py", line 672, in get_updates
    updates = await super().get_updates(
              ^^^^^^^^^^^^^^^^^^^^^^^^^^
  File "C:\Users\hp\AppData\Local\Programs\Python\Python311\Lib\site-packages\telegram\_bot.py", line 4865, in get_updates
    await self._post(
  File "C:\Users\hp\AppData\Local\Programs\Python\Python311\Lib\site-packages\telegram\_bot.py", line 704, in _post
    return await self._do_post(
           ^^^^^^^^^^^^^^^^^^^^
  File "C:\Users\hp\AppData\Local\Programs\Python\Python311\Lib\site-packages\telegram\ext\_extbot.py", line 370, in _do_post
    return await super()._do_post(
           ^^^^^^^^^^^^^^^^^^^^^^^
  File "C:\Users\hp\AppData\Local\Programs\Python\Python311\Lib\site-packages\telegram\_bot.py", line 733, in _do_post
    result = await request.post(
             ^^^^^^^^^^^^^^^^^^^
  File "C:\Users\hp\AppData\Local\Programs\Python\Python311\Lib\site-packages\telegram\request\_baserequest.py", line 198, in post
    result = await self._request_wrapper(
             ^^^^^^^^^^^^^^^^^^^^^^^^^^^^
  File "C:\Users\hp\AppData\Local\Programs\Python\Python311\Lib\site-packages\telegram\request\_baserequest.py", line 375, in _request_wrapper
    raise exception
telegram.error.Conflict: Conflict: terminated by other getUpdates request; make sure that only one bot instance is running
2026-06-21 15:09:53 [httpx] INFO: HTTP Request: POST https://api.telegram.org/bot8711216541:AAF0lXqJmvUUf0Q8RGwqFN_BcE3uTVq76cs/getUpdates "HTTP/1.1 200 OK"
2026-06-21 15:10:03 [httpx] INFO: HTTP Request: POST https://api.telegram.org/bot8711216541:AAF0lXqJmvUUf0Q8RGwqFN_BcE3uTVq76cs/getUpdates "HTTP/1.1 200 OK"
2026-06-21 15:10:13 [httpx] INFO: HTTP Request: POST https://api.telegram.org/bot8711216541:AAF0lXqJmvUUf0Q8RGwqFN_BcE3uTVq76cs/getUpdates "HTTP/1.1 200 OK"
2026-06-21 15:10:16 [httpx] INFO: HTTP Request: POST https://api.telegram.org/bot8711216541:AAF0lXqJmvUUf0Q8RGwqFN_BcE3uTVq76cs/getUpdates "HTTP/1.1 409 Conflict"
2026-06-21 15:10:16 [telegram.ext.Application] ERROR: No error handlers are registered, logging exception.
Traceback (most recent call last):
  File "C:\Users\hp\AppData\Local\Programs\Python\Python311\Lib\site-packages\telegram\ext\_utils\networkloop.py", line 161, in network_retry_loop
    await do_action()
  File "C:\Users\hp\AppData\Local\Programs\Python\Python311\Lib\site-packages\telegram\ext\_utils\networkloop.py", line 154, in do_action
    action_cb_task.result()
  File "C:\Users\hp\AppData\Local\Programs\Python\Python311\Lib\site-packages\telegram\ext\_updater.py", line 340, in polling_action_cb
    updates = await self.bot.get_updates(
              ^^^^^^^^^^^^^^^^^^^^^^^^^^^
  File "C:\Users\hp\AppData\Local\Programs\Python\Python311\Lib\site-packages\telegram\ext\_extbot.py", line 672, in get_updates
    updates = await super().get_updates(
              ^^^^^^^^^^^^^^^^^^^^^^^^^^
  File "C:\Users\hp\AppData\Local\Programs\Python\Python311\Lib\site-packages\telegram\_bot.py", line 4865, in get_updates
    await self._post(
  File "C:\Users\hp\AppData\Local\Programs\Python\Python311\Lib\site-packages\telegram\_bot.py", line 704, in _post
    return await self._do_post(
           ^^^^^^^^^^^^^^^^^^^^
  File "C:\Users\hp\AppData\Local\Programs\Python\Python311\Lib\site-packages\telegram\ext\_extbot.py", line 370, in _do_post
    return await super()._do_post(
           ^^^^^^^^^^^^^^^^^^^^^^^
  File "C:\Users\hp\AppData\Local\Programs\Python\Python311\Lib\site-packages\telegram\_bot.py", line 733, in _do_post
    result = await request.post(
             ^^^^^^^^^^^^^^^^^^^
  File "C:\Users\hp\AppData\Local\Programs\Python\Python311\Lib\site-packages\telegram\request\_baserequest.py", line 198, in post
    result = await self._request_wrapper(
             ^^^^^^^^^^^^^^^^^^^^^^^^^^^^
  File "C:\Users\hp\AppData\Local\Programs\Python\Python311\Lib\site-packages\telegram\request\_baserequest.py", line 375, in _request_wrapper
    raise exception
telegram.error.Conflict: Conflict: terminated by other getUpdates request; make sure that only one bot instance is running
2026-06-21 15:10:27 [httpx] INFO: HTTP Request: POST https://api.telegram.org/bot8711216541:AAF0lXqJmvUUf0Q8RGwqFN_BcE3uTVq76cs/getUpdates "HTTP/1.1 200 OK"
2026-06-21 15:10:38 [httpx] INFO: HTTP Request: POST https://api.telegram.org/bot8711216541:AAF0lXqJmvUUf0Q8RGwqFN_BcE3uTVq76cs/getUpdates "HTTP/1.1 200 OK"
2026-06-21 15:10:48 [httpx] INFO: HTTP Request: POST https://api.telegram.org/bot8711216541:AAF0lXqJmvUUf0Q8RGwqFN_BcE3uTVq76cs/getUpdates "HTTP/1.1 200 OK"
2026-06-21 15:10:51 [httpx] INFO: HTTP Request: POST https://api.telegram.org/bot8711216541:AAF0lXqJmvUUf0Q8RGwqFN_BcE3uTVq76cs/getUpdates "HTTP/1.1 409 Conflict"
2026-06-21 15:10:51 [telegram.ext.Application] ERROR: No error handlers are registered, logging exception.
Traceback (most recent call last):
  File "C:\Users\hp\AppData\Local\Programs\Python\Python311\Lib\site-packages\telegram\ext\_utils\networkloop.py", line 161, in network_retry_loop
    await do_action()
  File "C:\Users\hp\AppData\Local\Programs\Python\Python311\Lib\site-packages\telegram\ext\_utils\networkloop.py", line 154, in do_action
    action_cb_task.result()
  File "C:\Users\hp\AppData\Local\Programs\Python\Python311\Lib\site-packages\telegram\ext\_updater.py", line 340, in polling_action_cb
    updates = await self.bot.get_updates(
              ^^^^^^^^^^^^^^^^^^^^^^^^^^^
  File "C:\Users\hp\AppData\Local\Programs\Python\Python311\Lib\site-packages\telegram\ext\_extbot.py", line 672, in get_updates
    updates = await super().get_updates(
              ^^^^^^^^^^^^^^^^^^^^^^^^^^
  File "C:\Users\hp\AppData\Local\Programs\Python\Python311\Lib\site-packages\telegram\_bot.py", line 4865, in get_updates
    await self._post(
  File "C:\Users\hp\AppData\Local\Programs\Python\Python311\Lib\site-packages\telegram\_bot.py", line 704, in _post
    return await self._do_post(
           ^^^^^^^^^^^^^^^^^^^^
  File "C:\Users\hp\AppData\Local\Programs\Python\Python311\Lib\site-packages\telegram\ext\_extbot.py", line 370, in _do_post
    return await super()._do_post(
           ^^^^^^^^^^^^^^^^^^^^^^^
  File "C:\Users\hp\AppData\Local\Programs\Python\Python311\Lib\site-packages\telegram\_bot.py", line 733, in _do_post
    result = await request.post(
             ^^^^^^^^^^^^^^^^^^^
  File "C:\Users\hp\AppData\Local\Programs\Python\Python311\Lib\site-packages\telegram\request\_baserequest.py", line 198, in post
    result = await self._request_wrapper(
             ^^^^^^^^^^^^^^^^^^^^^^^^^^^^
  File "C:\Users\hp\AppData\Local\Programs\Python\Python311\Lib\site-packages\telegram\request\_baserequest.py", line 375, in _request_wrapper
    raise exception
telegram.error.Conflict: Conflict: terminated by other getUpdates request; make sure that only one bot instance is running
2026-06-21 15:11:02 [httpx] INFO: HTTP Request: POST https://api.telegram.org/bot8711216541:AAF0lXqJmvUUf0Q8RGwqFN_BcE3uTVq76cs/getUpdates "HTTP/1.1 200 OK"
2026-06-21 15:11:12 [httpx] INFO: HTTP Request: POST https://api.telegram.org/bot8711216541:AAF0lXqJmvUUf0Q8RGwqFN_BcE3uTVq76cs/getUpdates "HTTP/1.1 200 OK"
2026-06-21 15:11:22 [httpx] INFO: HTTP Request: POST https://api.telegram.org/bot8711216541:AAF0lXqJmvUUf0Q8RGwqFN_BcE3uTVq76cs/getUpdates "HTTP/1.1 200 OK"
2026-06-21 15:11:25 [httpx] INFO: HTTP Request: POST https://api.telegram.org/bot8711216541:AAF0lXqJmvUUf0Q8RGwqFN_BcE3uTVq76cs/getUpdates "HTTP/1.1 409 Conflict"
2026-06-21 15:11:25 [telegram.ext.Application] ERROR: No error handlers are registered, logging exception.
Traceback (most recent call last):
  File "C:\Users\hp\AppData\Local\Programs\Python\Python311\Lib\site-packages\telegram\ext\_utils\networkloop.py", line 161, in network_retry_loop
    await do_action()
  File "C:\Users\hp\AppData\Local\Programs\Python\Python311\Lib\site-packages\telegram\ext\_utils\networkloop.py", line 154, in do_action
    action_cb_task.result()
  File "C:\Users\hp\AppData\Local\Programs\Python\Python311\Lib\site-packages\telegram\ext\_updater.py", line 340, in polling_action_cb
    updates = await self.bot.get_updates(
              ^^^^^^^^^^^^^^^^^^^^^^^^^^^
  File "C:\Users\hp\AppData\Local\Programs\Python\Python311\Lib\site-packages\telegram\ext\_extbot.py", line 672, in get_updates
    updates = await super().get_updates(
              ^^^^^^^^^^^^^^^^^^^^^^^^^^
  File "C:\Users\hp\AppData\Local\Programs\Python\Python311\Lib\site-packages\telegram\_bot.py", line 4865, in get_updates
    await self._post(
  File "C:\Users\hp\AppData\Local\Programs\Python\Python311\Lib\site-packages\telegram\_bot.py", line 704, in _post
    return await self._do_post(
           ^^^^^^^^^^^^^^^^^^^^
  File "C:\Users\hp\AppData\Local\Programs\Python\Python311\Lib\site-packages\telegram\ext\_extbot.py", line 370, in _do_post
    return await super()._do_post(
           ^^^^^^^^^^^^^^^^^^^^^^^
  File "C:\Users\hp\AppData\Local\Programs\Python\Python311\Lib\site-packages\telegram\_bot.py", line 733, in _do_post
    result = await request.post(
             ^^^^^^^^^^^^^^^^^^^
  File "C:\Users\hp\AppData\Local\Programs\Python\Python311\Lib\site-packages\telegram\request\_baserequest.py", line 198, in post
    result = await self._request_wrapper(
             ^^^^^^^^^^^^^^^^^^^^^^^^^^^^
  File "C:\Users\hp\AppData\Local\Programs\Python\Python311\Lib\site-packages\telegram\request\_baserequest.py", line 375, in _request_wrapper
    raise exception
telegram.error.Conflict: Conflict: terminated by other getUpdates request; make sure that only one bot instance is running
2026-06-21 15:11:36 [httpx] INFO: HTTP Request: POST https://api.telegram.org/bot8711216541:AAF0lXqJmvUUf0Q8RGwqFN_BcE3uTVq76cs/getUpdates "HTTP/1.1 200 OK"
2026-06-21 15:11:46 [httpx] INFO: HTTP Request: POST https://api.telegram.org/bot8711216541:AAF0lXqJmvUUf0Q8RGwqFN_BcE3uTVq76cs/getUpdates "HTTP/1.1 200 OK"
2026-06-21 15:11:57 [httpx] INFO: HTTP Request: POST https://api.telegram.org/bot8711216541:AAF0lXqJmvUUf0Q8RGwqFN_BcE3uTVq76cs/getUpdates "HTTP/1.1 200 OK"
2026-06-21 15:11:59 [httpx] INFO: HTTP Request: POST https://api.telegram.org/bot8711216541:AAF0lXqJmvUUf0Q8RGwqFN_BcE3uTVq76cs/getUpdates "HTTP/1.1 409 Conflict"
2026-06-21 15:11:59 [telegram.ext.Application] ERROR: No error handlers are registered, logging exception.
Traceback (most recent call last):
  File "C:\Users\hp\AppData\Local\Programs\Python\Python311\Lib\site-packages\telegram\ext\_utils\networkloop.py", line 161, in network_retry_loop
    await do_action()
  File "C:\Users\hp\AppData\Local\Programs\Python\Python311\Lib\site-packages\telegram\ext\_utils\networkloop.py", line 154, in do_action
    action_cb_task.result()
  File "C:\Users\hp\AppData\Local\Programs\Python\Python311\Lib\site-packages\telegram\ext\_updater.py", line 340, in polling_action_cb
    updates = await self.bot.get_updates(
              ^^^^^^^^^^^^^^^^^^^^^^^^^^^
  File "C:\Users\hp\AppData\Local\Programs\Python\Python311\Lib\site-packages\telegram\ext\_extbot.py", line 672, in get_updates
    updates = await super().get_updates(
              ^^^^^^^^^^^^^^^^^^^^^^^^^^
  File "C:\Users\hp\AppData\Local\Programs\Python\Python311\Lib\site-packages\telegram\_bot.py", line 4865, in get_updates
    await self._post(
  File "C:\Users\hp\AppData\Local\Programs\Python\Python311\Lib\site-packages\telegram\_bot.py", line 704, in _post
    return await self._do_post(
           ^^^^^^^^^^^^^^^^^^^^
  File "C:\Users\hp\AppData\Local\Programs\Python\Python311\Lib\site-packages\telegram\ext\_extbot.py", line 370, in _do_post
    return await super()._do_post(
           ^^^^^^^^^^^^^^^^^^^^^^^
  File "C:\Users\hp\AppData\Local\Programs\Python\Python311\Lib\site-packages\telegram\_bot.py", line 733, in _do_post
    result = await request.post(
             ^^^^^^^^^^^^^^^^^^^
  File "C:\Users\hp\AppData\Local\Programs\Python\Python311\Lib\site-packages\telegram\request\_baserequest.py", line 198, in post
    result = await self._request_wrapper(
             ^^^^^^^^^^^^^^^^^^^^^^^^^^^^
  File "C:\Users\hp\AppData\Local\Programs\Python\Python311\Lib\site-packages\telegram\request\_baserequest.py", line 375, in _request_wrapper
    raise exception
telegram.error.Conflict: Conflict: terminated by other getUpdates request; make sure that only one bot instance is running
2026-06-21 15:12:10 [httpx] INFO: HTTP Request: POST https://api.telegram.org/bot8711216541:AAF0lXqJmvUUf0Q8RGwqFN_BcE3uTVq76cs/getUpdates "HTTP/1.1 200 OK"
2026-06-21 15:12:21 [httpx] INFO: HTTP Request: POST https://api.telegram.org/bot8711216541:AAF0lXqJmvUUf0Q8RGwqFN_BcE3uTVq76cs/getUpdates "HTTP/1.1 200 OK"
2026-06-21 15:12:31 [httpx] INFO: HTTP Request: POST https://api.telegram.org/bot8711216541:AAF0lXqJmvUUf0Q8RGwqFN_BcE3uTVq76cs/getUpdates "HTTP/1.1 200 OK"
2026-06-21 15:12:34 [httpx] INFO: HTTP Request: POST https://api.telegram.org/bot8711216541:AAF0lXqJmvUUf0Q8RGwqFN_BcE3uTVq76cs/getUpdates "HTTP/1.1 409 Conflict"
2026-06-21 15:12:34 [telegram.ext.Application] ERROR: No error handlers are registered, logging exception.
Traceback (most recent call last):
  File "C:\Users\hp\AppData\Local\Programs\Python\Python311\Lib\site-packages\telegram\ext\_utils\networkloop.py", line 161, in network_retry_loop
    await do_action()
  File "C:\Users\hp\AppData\Local\Programs\Python\Python311\Lib\site-packages\telegram\ext\_utils\networkloop.py", line 154, in do_action
    action_cb_task.result()
  File "C:\Users\hp\AppData\Local\Programs\Python\Python311\Lib\site-packages\telegram\ext\_updater.py", line 340, in polling_action_cb
    updates = await self.bot.get_updates(
              ^^^^^^^^^^^^^^^^^^^^^^^^^^^
  File "C:\Users\hp\AppData\Local\Programs\Python\Python311\Lib\site-packages\telegram\ext\_extbot.py", line 672, in get_updates
    updates = await super().get_updates(
              ^^^^^^^^^^^^^^^^^^^^^^^^^^
  File "C:\Users\hp\AppData\Local\Programs\Python\Python311\Lib\site-packages\telegram\_bot.py", line 4865, in get_updates
    await self._post(
  File "C:\Users\hp\AppData\Local\Programs\Python\Python311\Lib\site-packages\telegram\_bot.py", line 704, in _post
    return await self._do_post(
           ^^^^^^^^^^^^^^^^^^^^
  File "C:\Users\hp\AppData\Local\Programs\Python\Python311\Lib\site-packages\telegram\ext\_extbot.py", line 370, in _do_post
    return await super()._do_post(
           ^^^^^^^^^^^^^^^^^^^^^^^
  File "C:\Users\hp\AppData\Local\Programs\Python\Python311\Lib\site-packages\telegram\_bot.py", line 733, in _do_post
    result = await request.post(
             ^^^^^^^^^^^^^^^^^^^
  File "C:\Users\hp\AppData\Local\Programs\Python\Python311\Lib\site-packages\telegram\request\_baserequest.py", line 198, in post
    result = await self._request_wrapper(
             ^^^^^^^^^^^^^^^^^^^^^^^^^^^^
  File "C:\Users\hp\AppData\Local\Programs\Python\Python311\Lib\site-packages\telegram\request\_baserequest.py", line 375, in _request_wrapper
    raise exception
telegram.error.Conflict: Conflict: terminated by other getUpdates request; make sure that only one bot instance is running
2026-06-21 15:12:45 [httpx] INFO: HTTP Request: POST https://api.telegram.org/bot8711216541:AAF0lXqJmvUUf0Q8RGwqFN_BcE3uTVq76cs/getUpdates "HTTP/1.1 200 OK"
2026-06-21 15:12:55 [httpx] INFO: HTTP Request: POST https://api.telegram.org/bot8711216541:AAF0lXqJmvUUf0Q8RGwqFN_BcE3uTVq76cs/getUpdates "HTTP/1.1 200 OK"
2026-06-21 15:13:05 [httpx] INFO: HTTP Request: POST https://api.telegram.org/bot8711216541:AAF0lXqJmvUUf0Q8RGwqFN_BcE3uTVq76cs/getUpdates "HTTP/1.1 200 OK"
2026-06-21 15:13:08 [httpx] INFO: HTTP Request: POST https://api.telegram.org/bot8711216541:AAF0lXqJmvUUf0Q8RGwqFN_BcE3uTVq76cs/getUpdates "HTTP/1.1 409 Conflict"
2026-06-21 15:13:08 [telegram.ext.Application] ERROR: No error handlers are registered, logging exception.
Traceback (most recent call last):
  File "C:\Users\hp\AppData\Local\Programs\Python\Python311\Lib\site-packages\telegram\ext\_utils\networkloop.py", line 161, in network_retry_loop
    await do_action()
  File "C:\Users\hp\AppData\Local\Programs\Python\Python311\Lib\site-packages\telegram\ext\_utils\networkloop.py", line 154, in do_action
    action_cb_task.result()
  File "C:\Users\hp\AppData\Local\Programs\Python\Python311\Lib\site-packages\telegram\ext\_updater.py", line 340, in polling_action_cb
    updates = await self.bot.get_updates(
              ^^^^^^^^^^^^^^^^^^^^^^^^^^^
  File "C:\Users\hp\AppData\Local\Programs\Python\Python311\Lib\site-packages\telegram\ext\_extbot.py", line 672, in get_updates
    updates = await super().get_updates(
              ^^^^^^^^^^^^^^^^^^^^^^^^^^
  File "C:\Users\hp\AppData\Local\Programs\Python\Python311\Lib\site-packages\telegram\_bot.py", line 4865, in get_updates
    await self._post(
  File "C:\Users\hp\AppData\Local\Programs\Python\Python311\Lib\site-packages\telegram\_bot.py", line 704, in _post
    return await self._do_post(
           ^^^^^^^^^^^^^^^^^^^^
  File "C:\Users\hp\AppData\Local\Programs\Python\Python311\Lib\site-packages\telegram\ext\_extbot.py", line 370, in _do_post
    return await super()._do_post(
           ^^^^^^^^^^^^^^^^^^^^^^^
  File "C:\Users\hp\AppData\Local\Programs\Python\Python311\Lib\site-packages\telegram\_bot.py", line 733, in _do_post
    result = await request.post(
             ^^^^^^^^^^^^^^^^^^^
  File "C:\Users\hp\AppData\Local\Programs\Python\Python311\Lib\site-packages\telegram\request\_baserequest.py", line 198, in post
    result = await self._request_wrapper(
             ^^^^^^^^^^^^^^^^^^^^^^^^^^^^
  File "C:\Users\hp\AppData\Local\Programs\Python\Python311\Lib\site-packages\telegram\request\_baserequest.py", line 375, in _request_wrapper
    raise exception
telegram.error.Conflict: Conflict: terminated by other getUpdates request; make sure that only one bot instance is running
2026-06-21 15:13:19 [httpx] INFO: HTTP Request: POST https://api.telegram.org/bot8711216541:AAF0lXqJmvUUf0Q8RGwqFN_BcE3uTVq76cs/getUpdates "HTTP/1.1 200 OK"
2026-06-21 15:13:29 [httpx] INFO: HTTP Request: POST https://api.telegram.org/bot8711216541:AAF0lXqJmvUUf0Q8RGwqFN_BcE3uTVq76cs/getUpdates "HTTP/1.1 200 OK"
2026-06-21 15:13:40 [httpx] INFO: HTTP Request: POST https://api.telegram.org/bot8711216541:AAF0lXqJmvUUf0Q8RGwqFN_BcE3uTVq76cs/getUpdates "HTTP/1.1 200 OK"
2026-06-21 15:13:42 [httpx] INFO: HTTP Request: POST https://api.telegram.org/bot8711216541:AAF0lXqJmvUUf0Q8RGwqFN_BcE3uTVq76cs/getUpdates "HTTP/1.1 409 Conflict"
2026-06-21 15:13:42 [telegram.ext.Application] ERROR: No error handlers are registered, logging exception.
Traceback (most recent call last):
  File "C:\Users\hp\AppData\Local\Programs\Python\Python311\Lib\site-packages\telegram\ext\_utils\networkloop.py", line 161, in network_retry_loop
    await do_action()
  File "C:\Users\hp\AppData\Local\Programs\Python\Python311\Lib\site-packages\telegram\ext\_utils\networkloop.py", line 154, in do_action
    action_cb_task.result()
  File "C:\Users\hp\AppData\Local\Programs\Python\Python311\Lib\site-packages\telegram\ext\_updater.py", line 340, in polling_action_cb
    updates = await self.bot.get_updates(
              ^^^^^^^^^^^^^^^^^^^^^^^^^^^
  File "C:\Users\hp\AppData\Local\Programs\Python\Python311\Lib\site-packages\telegram\ext\_extbot.py", line 672, in get_updates
    updates = await super().get_updates(
              ^^^^^^^^^^^^^^^^^^^^^^^^^^
  File "C:\Users\hp\AppData\Local\Programs\Python\Python311\Lib\site-packages\telegram\_bot.py", line 4865, in get_updates
    await self._post(
  File "C:\Users\hp\AppData\Local\Programs\Python\Python311\Lib\site-packages\telegram\_bot.py", line 704, in _post
    return await self._do_post(
           ^^^^^^^^^^^^^^^^^^^^
  File "C:\Users\hp\AppData\Local\Programs\Python\Python311\Lib\site-packages\telegram\ext\_extbot.py", line 370, in _do_post
    return await super()._do_post(
           ^^^^^^^^^^^^^^^^^^^^^^^
  File "C:\Users\hp\AppData\Local\Programs\Python\Python311\Lib\site-packages\telegram\_bot.py", line 733, in _do_post
    result = await request.post(
             ^^^^^^^^^^^^^^^^^^^
  File "C:\Users\hp\AppData\Local\Programs\Python\Python311\Lib\site-packages\telegram\request\_baserequest.py", line 198, in post
    result = await self._request_wrapper(
             ^^^^^^^^^^^^^^^^^^^^^^^^^^^^
  File "C:\Users\hp\AppData\Local\Programs\Python\Python311\Lib\site-packages\telegram\request\_baserequest.py", line 375, in _request_wrapper
    raise exception
telegram.error.Conflict: Conflict: terminated by other getUpdates request; make sure that only one bot instance is running
2026-06-21 15:13:53 [httpx] INFO: HTTP Request: POST https://api.telegram.org/bot8711216541:AAF0lXqJmvUUf0Q8RGwqFN_BcE3uTVq76cs/getUpdates "HTTP/1.1 200 OK"
2026-06-21 15:14:04 [httpx] INFO: HTTP Request: POST https://api.telegram.org/bot8711216541:AAF0lXqJmvUUf0Q8RGwqFN_BcE3uTVq76cs/getUpdates "HTTP/1.1 200 OK"
2026-06-21 15:14:14 [httpx] INFO: HTTP Request: POST https://api.telegram.org/bot8711216541:AAF0lXqJmvUUf0Q8RGwqFN_BcE3uTVq76cs/getUpdates "HTTP/1.1 200 OK"
2026-06-21 15:14:17 [httpx] INFO: HTTP Request: POST https://api.telegram.org/bot8711216541:AAF0lXqJmvUUf0Q8RGwqFN_BcE3uTVq76cs/getUpdates "HTTP/1.1 409 Conflict"
2026-06-21 15:14:17 [telegram.ext.Application] ERROR: No error handlers are registered, logging exception.
Traceback (most recent call last):
  File "C:\Users\hp\AppData\Local\Programs\Python\Python311\Lib\site-packages\telegram\ext\_utils\networkloop.py", line 161, in network_retry_loop
    await do_action()
  File "C:\Users\hp\AppData\Local\Programs\Python\Python311\Lib\site-packages\telegram\ext\_utils\networkloop.py", line 154, in do_action
    action_cb_task.result()
  File "C:\Users\hp\AppData\Local\Programs\Python\Python311\Lib\site-packages\telegram\ext\_updater.py", line 340, in polling_action_cb
    updates = await self.bot.get_updates(
              ^^^^^^^^^^^^^^^^^^^^^^^^^^^
  File "C:\Users\hp\AppData\Local\Programs\Python\Python311\Lib\site-packages\telegram\ext\_extbot.py", line 672, in get_updates
    updates = await super().get_updates(
              ^^^^^^^^^^^^^^^^^^^^^^^^^^
  File "C:\Users\hp\AppData\Local\Programs\Python\Python311\Lib\site-packages\telegram\_bot.py", line 4865, in get_updates
    await self._post(
  File "C:\Users\hp\AppData\Local\Programs\Python\Python311\Lib\site-packages\telegram\_bot.py", line 704, in _post
    return await self._do_post(
           ^^^^^^^^^^^^^^^^^^^^
  File "C:\Users\hp\AppData\Local\Programs\Python\Python311\Lib\site-packages\telegram\ext\_extbot.py", line 370, in _do_post
    return await super()._do_post(
           ^^^^^^^^^^^^^^^^^^^^^^^
  File "C:\Users\hp\AppData\Local\Programs\Python\Python311\Lib\site-packages\telegram\_bot.py", line 733, in _do_post
    result = await request.post(
             ^^^^^^^^^^^^^^^^^^^
  File "C:\Users\hp\AppData\Local\Programs\Python\Python311\Lib\site-packages\telegram\request\_baserequest.py", line 198, in post
    result = await self._request_wrapper(
             ^^^^^^^^^^^^^^^^^^^^^^^^^^^^
  File "C:\Users\hp\AppData\Local\Programs\Python\Python311\Lib\site-packages\telegram\request\_baserequest.py", line 375, in _request_wrapper
    raise exception
telegram.error.Conflict: Conflict: terminated by other getUpdates request; make sure that only one bot instance is running
2026-06-21 15:14:28 [httpx] INFO: HTTP Request: POST https://api.telegram.org/bot8711216541:AAF0lXqJmvUUf0Q8RGwqFN_BcE3uTVq76cs/getUpdates "HTTP/1.1 200 OK"
2026-06-21 15:14:38 [httpx] INFO: HTTP Request: POST https://api.telegram.org/bot8711216541:AAF0lXqJmvUUf0Q8RGwqFN_BcE3uTVq76cs/getUpdates "HTTP/1.1 200 OK"
2026-06-21 15:14:48 [httpx] INFO: HTTP Request: POST https://api.telegram.org/bot8711216541:AAF0lXqJmvUUf0Q8RGwqFN_BcE3uTVq76cs/getUpdates "HTTP/1.1 200 OK"
2026-06-21 15:14:51 [httpx] INFO: HTTP Request: POST https://api.telegram.org/bot8711216541:AAF0lXqJmvUUf0Q8RGwqFN_BcE3uTVq76cs/getUpdates "HTTP/1.1 409 Conflict"
2026-06-21 15:14:51 [telegram.ext.Application] ERROR: No error handlers are registered, logging exception.
Traceback (most recent call last):
  File "C:\Users\hp\AppData\Local\Programs\Python\Python311\Lib\site-packages\telegram\ext\_utils\networkloop.py", line 161, in network_retry_loop
    await do_action()
  File "C:\Users\hp\AppData\Local\Programs\Python\Python311\Lib\site-packages\telegram\ext\_utils\networkloop.py", line 154, in do_action
    action_cb_task.result()
  File "C:\Users\hp\AppData\Local\Programs\Python\Python311\Lib\site-packages\telegram\ext\_updater.py", line 340, in polling_action_cb
    updates = await self.bot.get_updates(
              ^^^^^^^^^^^^^^^^^^^^^^^^^^^
  File "C:\Users\hp\AppData\Local\Programs\Python\Python311\Lib\site-packages\telegram\ext\_extbot.py", line 672, in get_updates
    updates = await super().get_updates(
              ^^^^^^^^^^^^^^^^^^^^^^^^^^
  File "C:\Users\hp\AppData\Local\Programs\Python\Python311\Lib\site-packages\telegram\_bot.py", line 4865, in get_updates
    await self._post(
  File "C:\Users\hp\AppData\Local\Programs\Python\Python311\Lib\site-packages\telegram\_bot.py", line 704, in _post
    return await self._do_post(
           ^^^^^^^^^^^^^^^^^^^^
  File "C:\Users\hp\AppData\Local\Programs\Python\Python311\Lib\site-packages\telegram\ext\_extbot.py", line 370, in _do_post
    return await super()._do_post(
           ^^^^^^^^^^^^^^^^^^^^^^^
  File "C:\Users\hp\AppData\Local\Programs\Python\Python311\Lib\site-packages\telegram\_bot.py", line 733, in _do_post
    result = await request.post(
             ^^^^^^^^^^^^^^^^^^^
  File "C:\Users\hp\AppData\Local\Programs\Python\Python311\Lib\site-packages\telegram\request\_baserequest.py", line 198, in post
    result = await self._request_wrapper(
             ^^^^^^^^^^^^^^^^^^^^^^^^^^^^
  File "C:\Users\hp\AppData\Local\Programs\Python\Python311\Lib\site-packages\telegram\request\_baserequest.py", line 375, in _request_wrapper
    raise exception
telegram.error.Conflict: Conflict: terminated by other getUpdates request; make sure that only one bot instance is running
2026-06-21 15:15:02 [httpx] INFO: HTTP Request: POST https://api.telegram.org/bot8711216541:AAF0lXqJmvUUf0Q8RGwqFN_BcE3uTVq76cs/getUpdates "HTTP/1.1 200 OK"
2026-06-21 15:15:12 [httpx] INFO: HTTP Request: POST https://api.telegram.org/bot8711216541:AAF0lXqJmvUUf0Q8RGwqFN_BcE3uTVq76cs/getUpdates "HTTP/1.1 200 OK"
2026-06-21 15:15:23 [httpx] INFO: HTTP Request: POST https://api.telegram.org/bot8711216541:AAF0lXqJmvUUf0Q8RGwqFN_BcE3uTVq76cs/getUpdates "HTTP/1.1 200 OK"
2026-06-21 15:15:25 [httpx] INFO: HTTP Request: POST https://api.telegram.org/bot8711216541:AAF0lXqJmvUUf0Q8RGwqFN_BcE3uTVq76cs/getUpdates "HTTP/1.1 409 Conflict"
2026-06-21 15:15:25 [telegram.ext.Application] ERROR: No error handlers are registered, logging exception.
Traceback (most recent call last):
  File "C:\Users\hp\AppData\Local\Programs\Python\Python311\Lib\site-packages\telegram\ext\_utils\networkloop.py", line 161, in network_retry_loop
    await do_action()
  File "C:\Users\hp\AppData\Local\Programs\Python\Python311\Lib\site-packages\telegram\ext\_utils\networkloop.py", line 154, in do_action
    action_cb_task.result()
  File "C:\Users\hp\AppData\Local\Programs\Python\Python311\Lib\site-packages\telegram\ext\_updater.py", line 340, in polling_action_cb
    updates = await self.bot.get_updates(
              ^^^^^^^^^^^^^^^^^^^^^^^^^^^
  File "C:\Users\hp\AppData\Local\Programs\Python\Python311\Lib\site-packages\telegram\ext\_extbot.py", line 672, in get_updates
    updates = await super().get_updates(
              ^^^^^^^^^^^^^^^^^^^^^^^^^^
  File "C:\Users\hp\AppData\Local\Programs\Python\Python311\Lib\site-packages\telegram\_bot.py", line 4865, in get_updates
    await self._post(
  File "C:\Users\hp\AppData\Local\Programs\Python\Python311\Lib\site-packages\telegram\_bot.py", line 704, in _post
    return await self._do_post(
           ^^^^^^^^^^^^^^^^^^^^
  File "C:\Users\hp\AppData\Local\Programs\Python\Python311\Lib\site-packages\telegram\ext\_extbot.py", line 370, in _do_post
    return await super()._do_post(
           ^^^^^^^^^^^^^^^^^^^^^^^
  File "C:\Users\hp\AppData\Local\Programs\Python\Python311\Lib\site-packages\telegram\_bot.py", line 733, in _do_post
    result = await request.post(
             ^^^^^^^^^^^^^^^^^^^
  File "C:\Users\hp\AppData\Local\Programs\Python\Python311\Lib\site-packages\telegram\request\_baserequest.py", line 198, in post
    result = await self._request_wrapper(
             ^^^^^^^^^^^^^^^^^^^^^^^^^^^^
  File "C:\Users\hp\AppData\Local\Programs\Python\Python311\Lib\site-packages\telegram\request\_baserequest.py", line 375, in _request_wrapper
    raise exception
telegram.error.Conflict: Conflict: terminated by other getUpdates request; make sure that only one bot instance is running
2026-06-21 15:15:36 [httpx] INFO: HTTP Request: POST https://api.telegram.org/bot8711216541:AAF0lXqJmvUUf0Q8RGwqFN_BcE3uTVq76cs/getUpdates "HTTP/1.1 200 OK"
2026-06-21 15:15:47 [httpx] INFO: HTTP Request: POST https://api.telegram.org/bot8711216541:AAF0lXqJmvUUf0Q8RGwqFN_BcE3uTVq76cs/getUpdates "HTTP/1.1 200 OK"
2026-06-21 15:15:57 [httpx] INFO: HTTP Request: POST https://api.telegram.org/bot8711216541:AAF0lXqJmvUUf0Q8RGwqFN_BcE3uTVq76cs/getUpdates "HTTP/1.1 200 OK"
2026-06-21 15:16:00 [httpx] INFO: HTTP Request: POST https://api.telegram.org/bot8711216541:AAF0lXqJmvUUf0Q8RGwqFN_BcE3uTVq76cs/getUpdates "HTTP/1.1 409 Conflict"
2026-06-21 15:16:00 [telegram.ext.Application] ERROR: No error handlers are registered, logging exception.
Traceback (most recent call last):
  File "C:\Users\hp\AppData\Local\Programs\Python\Python311\Lib\site-packages\telegram\ext\_utils\networkloop.py", line 161, in network_retry_loop
    await do_action()
  File "C:\Users\hp\AppData\Local\Programs\Python\Python311\Lib\site-packages\telegram\ext\_utils\networkloop.py", line 154, in do_action
    action_cb_task.result()
  File "C:\Users\hp\AppData\Local\Programs\Python\Python311\Lib\site-packages\telegram\ext\_updater.py", line 340, in polling_action_cb
    updates = await self.bot.get_updates(
              ^^^^^^^^^^^^^^^^^^^^^^^^^^^
  File "C:\Users\hp\AppData\Local\Programs\Python\Python311\Lib\site-packages\telegram\ext\_extbot.py", line 672, in get_updates
    updates = await super().get_updates(
              ^^^^^^^^^^^^^^^^^^^^^^^^^^
  File "C:\Users\hp\AppData\Local\Programs\Python\Python311\Lib\site-packages\telegram\_bot.py", line 4865, in get_updates
    await self._post(
  File "C:\Users\hp\AppData\Local\Programs\Python\Python311\Lib\site-packages\telegram\_bot.py", line 704, in _post
    return await self._do_post(
           ^^^^^^^^^^^^^^^^^^^^
  File "C:\Users\hp\AppData\Local\Programs\Python\Python311\Lib\site-packages\telegram\ext\_extbot.py", line 370, in _do_post
    return await super()._do_post(
           ^^^^^^^^^^^^^^^^^^^^^^^
  File "C:\Users\hp\AppData\Local\Programs\Python\Python311\Lib\site-packages\telegram\_bot.py", line 733, in _do_post
    result = await request.post(
             ^^^^^^^^^^^^^^^^^^^
  File "C:\Users\hp\AppData\Local\Programs\Python\Python311\Lib\site-packages\telegram\request\_baserequest.py", line 198, in post
    result = await self._request_wrapper(
             ^^^^^^^^^^^^^^^^^^^^^^^^^^^^
  File "C:\Users\hp\AppData\Local\Programs\Python\Python311\Lib\site-packages\telegram\request\_baserequest.py", line 375, in _request_wrapper
    raise exception
telegram.error.Conflict: Conflict: terminated by other getUpdates request; make sure that only one bot instance is running
2026-06-21 15:16:11 [httpx] INFO: HTTP Request: POST https://api.telegram.org/bot8711216541:AAF0lXqJmvUUf0Q8RGwqFN_BcE3uTVq76cs/getUpdates "HTTP/1.1 200 OK"
2026-06-21 15:16:21 [httpx] INFO: HTTP Request: POST https://api.telegram.org/bot8711216541:AAF0lXqJmvUUf0Q8RGwqFN_BcE3uTVq76cs/getUpdates "HTTP/1.1 200 OK"
2026-06-21 15:16:31 [httpx] INFO: HTTP Request: POST https://api.telegram.org/bot8711216541:AAF0lXqJmvUUf0Q8RGwqFN_BcE3uTVq76cs/getUpdates "HTTP/1.1 200 OK"
2026-06-21 15:16:34 [httpx] INFO: HTTP Request: POST https://api.telegram.org/bot8711216541:AAF0lXqJmvUUf0Q8RGwqFN_BcE3uTVq76cs/getUpdates "HTTP/1.1 409 Conflict"
2026-06-21 15:16:34 [telegram.ext.Application] ERROR: No error handlers are registered, logging exception.
Traceback (most recent call last):
  File "C:\Users\hp\AppData\Local\Programs\Python\Python311\Lib\site-packages\telegram\ext\_utils\networkloop.py", line 161, in network_retry_loop
    await do_action()
  File "C:\Users\hp\AppData\Local\Programs\Python\Python311\Lib\site-packages\telegram\ext\_utils\networkloop.py", line 154, in do_action
    action_cb_task.result()
  File "C:\Users\hp\AppData\Local\Programs\Python\Python311\Lib\site-packages\telegram\ext\_updater.py", line 340, in polling_action_cb
    updates = await self.bot.get_updates(
              ^^^^^^^^^^^^^^^^^^^^^^^^^^^
  File "C:\Users\hp\AppData\Local\Programs\Python\Python311\Lib\site-packages\telegram\ext\_extbot.py", line 672, in get_updates
    updates = await super().get_updates(
              ^^^^^^^^^^^^^^^^^^^^^^^^^^
  File "C:\Users\hp\AppData\Local\Programs\Python\Python311\Lib\site-packages\telegram\_bot.py", line 4865, in get_updates
    await self._post(
  File "C:\Users\hp\AppData\Local\Programs\Python\Python311\Lib\site-packages\telegram\_bot.py", line 704, in _post
    return await self._do_post(
           ^^^^^^^^^^^^^^^^^^^^
  File "C:\Users\hp\AppData\Local\Programs\Python\Python311\Lib\site-packages\telegram\ext\_extbot.py", line 370, in _do_post
    return await super()._do_post(
           ^^^^^^^^^^^^^^^^^^^^^^^
  File "C:\Users\hp\AppData\Local\Programs\Python\Python311\Lib\site-packages\telegram\_bot.py", line 733, in _do_post
    result = await request.post(
             ^^^^^^^^^^^^^^^^^^^
  File "C:\Users\hp\AppData\Local\Programs\Python\Python311\Lib\site-packages\telegram\request\_baserequest.py", line 198, in post
    result = await self._request_wrapper(
             ^^^^^^^^^^^^^^^^^^^^^^^^^^^^
  File "C:\Users\hp\AppData\Local\Programs\Python\Python311\Lib\site-packages\telegram\request\_baserequest.py", line 375, in _request_wrapper
    raise exception
telegram.error.Conflict: Conflict: terminated by other getUpdates request; make sure that only one bot instance is running
2026-06-21 15:16:45 [httpx] INFO: HTTP Request: POST https://api.telegram.org/bot8711216541:AAF0lXqJmvUUf0Q8RGwqFN_BcE3uTVq76cs/getUpdates "HTTP/1.1 200 OK"
2026-06-21 15:16:55 [httpx] INFO: HTTP Request: POST https://api.telegram.org/bot8711216541:AAF0lXqJmvUUf0Q8RGwqFN_BcE3uTVq76cs/getUpdates "HTTP/1.1 200 OK"
